race_id,driver_id,lap_number,pit_stop_time,pit_stop_duration,next_tyre,fuel_added
1,1,26,25.52,5.14,Hard,45.1
1,1,60,29.46,4.81,Soft,44.95
1,2,8,25.43,5.1,Medium,35.5
1,2,49,27.77,9.51,Hard,6.53
1,3,15,27.89,2.75,Soft,49.82
1,3,19,15.53,7.51,Hard,30.74
1,3,26,18.2,8.83,Hard,24.53
1,3,44,17.98,2.7,Medium,20.03
1,3,54,21.7,4.12,Medium,25.15
1,4,18,24.83,2.4,Medium,23.66
1,4,66,29.27,8.93,Hard,9.13
1,5,5,17.44,7.96,Medium,27.63
1,5,42,28.44,5.83,Soft,20.33
1,5,67,24.87,2.88,Medium,10.8
1,6,1,26.3,6.57,Hard,33.86
1,6,4,20.13,6.01,Medium,43.9
1,6,47,24.56,4.83,Hard,35.26
1,6,64,26.57,2.63,Medium,7.92
1,7,3,16.4,9.57,Soft,28.0
1,7,33,19.72,8.45,Hard,33.4
1,7,56,28.1,2.15,Soft,49.53
1,8,37,26.21,5.73,Medium,48.93
1,9,14,27.33,5.22,Medium,41.63
1,9,24,23.74,2.13,Medium,27.52
1,9,25,19.67,5.28,Soft,7.09
1,9,39,24.22,3.45,Soft,47.82
1,9,51,25.05,9.14,Medium,20.86
1,10,5,23.89,8.18,Medium,20.98
1,10,12,25.73,7.13,Soft,35.33
1,10,19,15.43,5.6,Soft,12.17
1,10,23,27.39,9.36,Hard,22.97
1,10,43,29.28,7.16,Medium,42.82
1,11,14,27.1,9.0,Hard,21.11
1,11,23,15.22,8.0,Medium,27.24
1,11,45,20.52,7.27,Medium,39.75
1,11,50,23.59,4.97,Hard,14.36
1,12,8,25.49,9.06,Medium,30.41
1,12,34,20.14,7.95,Medium,22.81
1,13,3,24.81,5.05,Soft,25.17
1,13,33,16.6,6.94,Hard,43.66
1,14,2,16.89,2.63,Hard,26.73
1,14,23,25.79,8.04,Hard,36.09
1,14,25,19.95,8.75,Hard,43.77
1,14,48,20.57,6.89,Hard,31.29
1,14,55,20.04,6.35,Hard,5.06
1,15,3,25.18,6.75,Hard,37.37
1,15,25,19.52,3.78,Soft,32.47
1,15,34,15.61,4.58,Hard,31.92
1,15,64,22.47,6.01,Hard,38.64
1,16,16,22.43,9.09,Medium,10.44
1,16,37,23.06,2.71,Soft,33.61
1,17,36,29.08,6.47,Hard,27.98
1,17,46,19.6,9.6,Soft,31.36
1,17,56,16.46,6.54,Soft,21.45
1,17,69,18.97,7.45,Hard,38.92
1,18,46,28.0,4.17,Hard,37.41
1,18,56,27.74,8.21,Medium,37.04
1,18,57,27.69,6.32,Soft,14.95
1,18,64,15.5,8.77,Hard,15.37
1,19,36,26.55,5.92,Soft,7.35
1,19,43,29.07,9.59,Soft,15.88
1,19,44,25.69,7.14,Medium,19.49
1,19,68,21.1,6.45,Medium,37.0
1,20,4,17.81,4.91,Soft,34.29
2,1,32,16.33,5.51,Hard,37.63
2,1,69,26.3,6.07,Hard,32.74
2,2,2,19.05,2.82,Soft,30.27
2,2,50,28.75,7.61,Hard,14.82
2,2,51,25.56,4.02,Medium,39.49
2,2,59,24.43,9.48,Medium,36.19
2,3,2,20.83,5.78,Medium,19.4
2,3,13,17.49,2.88,Soft,15.59
2,3,18,20.92,3.37,Soft,10.09
2,3,64,21.41,7.12,Hard,20.1
2,4,49,29.49,5.06,Hard,24.06
2,5,42,18.46,7.32,Medium,49.76
2,5,48,28.31,6.31,Hard,41.04
2,5,64,16.49,6.43,Soft,23.74
2,6,12,21.88,8.97,Medium,31.06
2,6,29,25.52,8.82,Medium,49.85
2,6,51,16.86,7.58,Soft,47.93
2,6,62,26.88,2.85,Soft,20.6
2,6,63,28.37,2.5,Hard,43.23
2,7,14,26.56,9.71,Soft,32.9
2,8,15,26.77,5.5,Hard,5.81
2,8,20,15.86,2.28,Hard,5.05
2,8,43,23.99,8.77,Medium,24.56
2,8,54,25.44,3.42,Hard,22.27
2,8,61,24.08,7.15,Medium,5.38
2,9,42,19.67,6.43,Soft,37.94
2,9,58,25.49,4.45,Hard,10.49
2,9,61,29.59,9.66,Hard,10.38
2,9,62,16.48,6.18,Medium,5.97
2,10,3,29.54,8.5,Soft,37.54
2,10,58,20.83,7.46,Soft,27.17
2,10,67,29.24,4.37,Medium,29.63
2,11,16,15.31,7.08,Soft,13.24
2,11,28,15.63,5.67,Soft,12.3
2,11,48,16.96,3.82,Medium,7.16
2,11,53,16.07,4.49,Medium,22.23
2,12,6,26.15,4.57,Hard,22.24
2,12,12,25.57,2.81,Medium,29.29
2,12,15,23.89,6.75,Hard,32.91
2,12,50,21.45,8.79,Hard,14.47
2,12,60,21.98,6.69,Soft,36.79
2,13,49,15.53,7.47,Hard,30.34
2,14,42,19.1,3.77,Hard,44.92
2,15,1,23.92,4.06,Hard,16.97
2,15,5,27.76,9.89,Medium,6.15
2,16,65,21.2,5.7,Medium,13.11
2,17,2,24.1,5.24,Medium,25.7
2,17,22,22.01,8.63,Soft,17.33
2,17,24,19.78,5.52,Medium,29.86
2,17,25,18.54,7.94,Soft,31.21
2,17,68,29.38,6.32,Hard,6.58
2,18,21,20.38,9.03,Medium,36.37
2,18,31,18.52,8.59,Hard,12.97
2,19,40,26.36,7.67,Soft,31.76
2,19,63,27.7,4.61,Hard,29.52
2,19,66,19.2,4.97,Medium,34.55
2,20,20,21.71,5.83,Medium,38.82
2,20,24,23.23,7.27,Soft,29.21
2,20,35,19.96,7.95,Medium,37.44
2,20,37,18.53,7.58,Medium,30.67
3,1,13,15.04,3.21,Medium,38.86
3,1,52,17.84,6.06,Medium,5.97
3,1,55,16.92,4.37,Medium,46.6
3,1,59,15.15,8.79,Soft,43.59
3,2,2,20.3,9.58,Medium,7.79
3,2,17,15.52,2.4,Medium,10.11
3,2,46,22.54,2.94,Hard,11.51
3,3,52,22.63,6.44,Hard,10.08
3,4,33,16.31,6.96,Hard,18.13
3,4,35,27.74,3.69,Hard,36.67
3,4,38,17.26,5.61,Soft,18.86
3,4,42,21.98,5.13,Soft,39.95
3,4,55,28.61,3.9,Hard,42.48
3,5,16,24.18,9.1,Medium,39.32
3,5,50,18.46,9.88,Medium,5.43
3,6,11,20.53,8.03,Soft,41.48
3,6,12,15.16,4.95,Medium,48.44
3,6,19,28.5,7.17,Soft,28.03
3,6,22,19.05,3.85,Soft,25.43
3,6,39,22.46,6.67,Medium,21.52
3,7,2,19.59,7.91,Hard,6.06
3,7,13,18.91,7.89,Medium,20.74
3,7,55,21.2,6.87,Hard,29.07
3,7,56,22.59,6.39,Medium,49.41
3,8,20,20.68,8.85,Soft,47.11
3,8,43,25.1,2.73,Soft,15.88
3,8,45,29.19,3.25,Soft,34.82
3,8,48,22.7,9.02,Medium,28.2
3,8,64,24.45,6.3,Hard,39.14
3,9,9,30.0,3.67,Hard,17.01
3,9,20,21.93,5.98,Soft,48.08
3,9,35,27.95,8.48,Hard,28.05
3,9,54,25.3,9.07,Hard,32.93
3,10,1,22.83,8.55,Hard,17.74
3,10,66,28.65,6.09,Medium,13.25
3,11,5,21.49,2.21,Medium,46.94
3,11,29,15.14,8.67,Hard,14.52
3,12,45,26.43,6.9,Soft,31.19
3,12,55,17.34,7.14,Hard,8.48
3,12,66,23.37,9.37,Soft,15.87
3,13,9,21.92,3.65,Soft,26.16
3,14,1,22.06,9.39,Soft,11.27
3,14,18,23.04,5.3,Soft,5.51
3,14,42,15.62,9.5,Medium,39.18
3,14,49,29.99,6.11,Soft,48.34
3,15,7,21.26,5.24,Medium,44.4
3,15,28,21.61,6.9,Hard,41.89
3,16,10,26.3,2.88,Soft,47.36
3,16,24,18.52,6.39,Medium,36.09
3,16,67,20.26,6.15,Medium,16.68
3,17,31,29.04,6.82,Hard,38.55
3,18,25,20.14,5.05,Hard,6.51
3,18,42,22.44,8.51,Medium,15.82
3,18,52,29.67,9.41,Hard,29.83
3,18,54,25.97,2.16,Medium,32.72
3,19,6,16.03,7.86,Soft,30.81
3,19,26,21.14,4.82,Medium,41.6
3,19,48,22.44,6.36,Hard,7.62
3,19,52,15.22,3.24,Hard,33.92
3,19,63,28.08,3.48,Hard,12.65
3,20,5,22.78,3.47,Medium,31.88
3,20,31,24.2,4.83,Soft,34.5
3,20,52,18.3,8.69,Hard,5.91
3,20,55,22.08,5.78,Hard,42.51
3,20,65,24.76,7.24,Soft,28.66
4,1,15,18.24,5.94,Soft,42.37
4,1,25,27.66,9.96,Hard,29.03
4,1,32,15.78,6.56,Hard,35.11
4,1,36,18.36,7.27,Medium,10.96
4,1,41,21.13,3.82,Soft,17.32
4,2,9,27.63,7.18,Medium,40.84
4,2,59,19.63,6.22,Soft,36.35
4,3,43,16.93,4.69,Soft,36.53
4,4,29,16.13,2.26,Hard,14.53
4,4,30,19.2,8.65,Soft,35.91
4,4,31,29.08,6.47,Medium,39.94
4,4,35,26.3,8.4,Soft,31.19
4,5,2,29.17,3.87,Hard,6.32
4,5,11,28.47,2.45,Soft,11.46
4,5,12,27.1,9.93,Hard,25.12
4,5,59,25.47,2.68,Hard,48.55
4,6,7,29.93,6.62,Soft,39.83
4,6,41,19.34,3.09,Medium,9.9
4,6,44,24.64,2.57,Medium,18.09
4,6,64,28.21,2.23,Soft,7.75
4,6,67,26.53,2.43,Medium,12.76
4,7,14,24.5,4.51,Hard,25.22
4,7,18,20.78,9.86,Medium,23.18
4,7,25,27.47,4.54,Hard,35.56
4,8,51,26.21,5.37,Hard,6.64
4,8,53,25.51,9.86,Hard,28.27
4,9,21,18.48,6.12,Medium,38.13
4,10,69,19.19,6.92,Hard,29.26
4,11,15,21.0,5.01,Hard,47.63
4,11,55,20.21,5.98,Soft,31.64
4,11,69,17.12,6.44,Hard,11.46
4,12,9,19.41,2.26,Medium,46.59
4,12,33,17.41,2.02,Medium,25.55
4,13,2,24.27,2.5,Soft,23.73
4,13,13,26.89,9.6,Medium,30.19
4,13,40,21.08,7.88,Medium,14.16
4,13,49,25.17,2.79,Medium,23.1
4,14,21,19.28,5.59,Medium,23.8
4,15,3,28.97,5.7,Medium,27.55
4,15,38,29.98,3.15,Medium,19.13
4,16,5,20.26,9.28,Medium,20.71
4,16,13,19.87,9.92,Medium,39.99
4,16,24,25.24,5.56,Hard,35.02
4,16,38,23.74,9.55,Hard,48.34
4,16,51,28.6,6.69,Hard,26.02
4,17,33,29.35,7.08,Soft,27.2
4,17,62,19.14,2.49,Medium,43.03
4,18,7,26.5,6.19,Hard,43.23
4,18,27,22.26,9.38,Soft,16.19
4,18,58,27.79,7.49,Soft,32.34
4,18,64,24.17,3.89,Medium,12.63
4,19,58,29.18,4.19,Medium,25.35
4,20,1,23.55,4.54,Soft,17.08
4,20,4,21.32,6.33,Hard,30.99
4,20,38,22.62,4.0,Hard,7.9
4,20,67,29.2,8.39,Medium,18.24
5,1,3,18.28,5.14,Medium,45.66
5,1,21,17.48,2.95,Hard,26.19
5,1,22,18.32,9.4,Medium,14.37
5,1,24,26.43,6.28,Medium,14.32
5,1,60,24.21,6.22,Soft,26.03
5,2,5,15.12,9.21,Medium,25.75
5,2,15,24.94,3.8,Medium,38.96
5,2,43,25.33,5.62,Medium,20.57
5,3,10,24.64,8.83,Hard,6.91
5,3,35,29.34,4.09,Medium,36.8
5,4,3,25.59,7.16,Soft,25.66
5,4,30,19.85,2.91,Hard,48.85
5,4,31,21.29,9.05,Soft,28.24
5,5,6,28.15,7.77,Soft,18.66
5,5,24,23.29,3.99,Medium,22.06
5,5,29,19.44,6.76,Hard,33.98
5,5,32,29.18,4.04,Hard,37.0
5,6,9,19.85,2.25,Soft,9.44
5,6,58,29.93,5.81,Soft,18.28
5,6,64,21.34,6.0,Hard,13.74
5,6,68,23.91,5.93,Hard,19.06
5,7,20,17.95,6.02,Soft,20.3
5,7,37,27.84,8.49,Medium,12.5
5,7,65,25.85,5.54,Medium,9.04
5,8,26,24.83,4.26,Soft,17.41
5,8,60,26.76,6.71,Medium,8.92
5,9,40,21.76,8.62,Soft,45.75
5,9,42,21.12,9.75,Soft,17.42
5,9,45,23.23,6.31,Soft,26.15
5,10,1,23.08,5.25,Soft,13.76
5,10,24,19.22,4.07,Soft,17.39
5,10,39,27.35,2.21,Soft,37.35
5,10,48,20.47,3.27,Soft,21.98
5,10,58,17.52,6.12,Medium,36.89
5,11,18,26.37,5.74,Medium,15.3
5,11,41,25.85,7.9,Hard,17.73
5,11,63,26.6,2.59,Medium,30.14
5,12,38,15.62,8.33,Medium,44.81
5,13,16,29.33,5.64,Soft,37.13
5,13,36,23.91,8.89,Hard,38.21
5,14,27,17.73,8.07,Hard,16.65
5,14,33,24.89,8.7,Medium,7.98
5,14,42,19.68,7.75,Soft,28.96
5,14,43,20.27,8.59,Medium,8.61
5,14,66,24.74,2.6,Soft,21.25
5,15,11,17.48,8.3,Medium,16.97
5,15,38,18.28,9.54,Medium,17.3
5,16,53,18.46,9.47,Soft,27.91
5,16,61,23.14,6.06,Medium,41.15
5,16,63,16.58,6.92,Hard,34.45
5,17,21,24.76,9.75,Hard,12.29
5,17,23,24.41,6.01,Soft,23.7
5,18,58,22.39,4.49,Soft,16.41
5,19,35,24.88,4.5,Hard,33.47
5,19,67,19.44,2.66,Hard,10.34
5,20,19,24.84,4.4,Hard,48.09
5,20,35,24.45,6.45,Medium,41.78
5,20,41,16.38,4.23,Medium,20.27
5,20,69,15.54,3.02,Soft,43.07
6,1,61,16.85,8.24,Medium,10.85
6,1,67,26.41,5.05,Medium,43.48
6,2,23,23.08,5.75,Hard,11.97
6,2,33,28.4,7.15,Hard,26.3
6,2,38,21.6,7.95,Soft,22.57
6,2,43,17.88,9.84,Soft,22.13
6,3,18,25.63,7.5,Hard,13.1
6,3,39,25.81,7.39,Medium,8.43
6,3,64,24.62,9.16,Medium,48.66
6,4,6,17.0,2.89,Medium,35.54
6,4,18,21.58,6.2,Medium,29.29
6,5,12,24.23,5.76,Medium,17.06
6,5,15,26.28,3.74,Hard,22.57
6,5,66,19.06,9.2,Hard,25.8
6,6,5,22.8,9.02,Soft,48.92
6,6,6,18.79,7.43,Soft,18.05
6,6,20,20.33,3.68,Medium,29.84
6,6,28,15.77,6.51,Soft,47.14
6,7,17,21.82,5.37,Hard,19.31
6,7,29,17.76,8.62,Hard,16.69
6,7,37,19.02,4.19,Medium,31.76
6,7,58,22.41,3.62,Medium,15.26
6,7,61,27.59,9.29,Soft,34.01
6,8,5,22.16,5.79,Hard,23.32
6,8,31,22.59,7.21,Soft,14.73
6,8,34,26.46,7.89,Soft,19.0
6,8,41,27.5,5.76,Medium,14.0
6,8,66,17.11,7.36,Hard,23.86
6,9,3,28.9,9.53,Hard,28.55
6,10,1,27.98,7.41,Medium,32.64
6,10,8,15.69,6.21,Hard,17.92
6,10,56,15.45,2.77,Medium,41.93
6,10,58,29.62,6.07,Soft,26.73
6,10,62,21.69,6.82,Hard,36.68
6,11,27,22.56,9.49,Hard,9.76
6,11,33,19.07,3.87,Hard,32.5
6,11,46,21.67,4.4,Hard,18.81
6,11,62,26.39,8.12,Soft,35.33
6,11,66,26.75,8.82,Hard,43.1
6,12,14,17.57,4.13,Hard,21.06
6,12,24,25.16,7.87,Hard,19.76
6,12,33,23.3,5.96,Soft,17.48
6,12,39,16.18,9.88,Soft,48.51
6,12,48,24.33,4.02,Medium,36.97
6,13,29,29.98,3.6,Soft,6.13
6,14,22,29.6,2.9,Medium,23.1
6,14,30,18.71,9.54,Soft,19.74
6,14,54,21.32,6.36,Medium,47.13
6,15,29,27.46,9.32,Hard,24.49
6,15,39,26.44,5.9,Soft,33.45
6,15,68,15.24,3.24,Hard,35.29
6,16,30,16.18,4.57,Soft,40.6
6,16,69,22.67,3.82,Hard,37.33
6,17,18,16.86,9.15,Medium,36.66
6,18,27,21.67,4.6,Medium,31.53
6,18,31,22.4,9.68,Soft,14.89
6,18,68,23.76,5.77,Hard,43.82
6,19,1,19.09,4.0,Hard,10.96
6,19,2,28.19,9.57,Soft,20.59
6,19,37,24.5,2.66,Medium,21.14
6,19,47,24.14,8.46,Hard,18.81
6,20,18,23.19,7.12,Medium,32.56
6,20,19,17.06,8.26,Medium,25.63
6,20,23,16.32,5.92,Medium,38.04
6,20,56,19.7,9.64,Hard,39.99
6,20,61,24.19,2.08,Soft,19.48
7,1,35,29.63,3.56,Medium,24.93
7,1,43,21.67,9.12,Medium,42.94
7,1,57,18.69,5.02,Medium,35.29
7,1,69,26.17,3.11,Hard,12.66
7,2,49,18.9,7.29,Medium,29.69
7,2,52,19.32,7.08,Soft,43.37
7,3,24,21.72,4.37,Medium,14.08
7,3,26,16.53,6.18,Medium,45.98
7,3,35,21.81,2.47,Soft,13.6
7,3,42,24.68,8.86,Medium,33.78
7,3,69,28.06,9.84,Medium,10.78
7,4,11,28.97,5.98,Medium,48.18
7,4,15,24.77,6.43,Hard,39.68
7,4,33,16.11,4.41,Soft,37.92
7,4,41,26.46,7.45,Soft,15.24
7,4,56,23.13,2.84,Soft,42.44
7,5,15,19.62,4.18,Hard,32.41
7,5,27,19.27,3.68,Hard,44.53
7,6,28,25.33,6.15,Soft,24.04
7,6,60,19.39,8.25,Hard,6.04
7,7,6,28.9,3.14,Medium,15.12
7,7,19,28.65,5.5,Soft,5.68
7,7,31,29.95,2.18,Soft,22.25
7,7,33,29.19,9.89,Medium,37.69
7,7,54,22.84,2.08,Medium,38.04
7,8,33,25.08,6.7,Soft,14.1
7,8,35,19.86,7.67,Medium,10.01
7,8,51,29.81,5.68,Hard,8.12
7,9,23,26.72,8.36,Soft,42.08
7,9,34,23.84,4.2,Soft,34.7
7,9,42,16.48,6.84,Medium,23.72
7,9,62,28.04,3.26,Hard,22.01
7,9,67,22.25,6.4,Hard,10.35
7,10,5,29.08,2.92,Soft,29.59
7,10,24,25.09,6.59,Soft,38.59
7,10,34,24.35,5.56,Medium,32.82
7,10,35,18.95,7.71,Soft,36.76
7,10,50,29.69,4.81,Soft,15.64
7,11,10,24.84,8.48,Medium,22.35
7,11,52,22.05,9.7,Soft,26.62
7,11,64,20.72,3.99,Hard,10.22
7,12,44,24.49,7.85,Hard,15.97
7,13,12,21.39,2.51,Hard,23.3
7,13,31,22.16,5.23,Hard,22.27
7,13,57,25.69,6.02,Hard,7.05
7,14,2,27.37,6.08,Soft,7.42
7,14,52,23.64,3.33,Medium,46.13
7,14,59,18.5,4.46,Medium,44.18
7,15,26,23.13,4.25,Medium,17.89
7,16,39,21.21,5.57,Medium,11.35
7,16,61,25.63,7.5,Medium,11.8
7,17,69,16.84,6.85,Medium,39.93
7,18,37,20.53,9.3,Hard,29.98
7,19,6,18.81,6.33,Hard,13.96
7,19,40,17.16,4.89,Soft,22.0
7,19,57,19.01,3.86,Hard,33.4
7,19,63,20.54,9.84,Soft,35.47
7,20,13,18.26,8.06,Medium,46.29
7,20,23,20.53,2.58,Soft,27.07
7,20,33,22.48,8.81,Medium,19.25
7,20,66,22.09,8.02,Soft,33.24
8,1,44,26.29,5.09,Hard,5.95
8,1,51,23.31,5.35,Hard,6.09
8,1,55,22.7,5.32,Hard,19.84
8,2,16,27.29,6.15,Hard,29.06
8,2,29,20.84,5.69,Soft,46.48
8,2,54,18.72,6.15,Medium,25.1
8,3,13,22.49,5.14,Soft,49.41
8,3,69,16.21,9.12,Hard,25.49
8,4,9,20.82,8.7,Soft,15.96
8,4,64,27.3,9.65,Medium,6.84
8,5,22,17.4,2.09,Medium,14.73
8,5,33,29.83,2.21,Soft,8.76
8,5,34,29.1,6.53,Hard,30.25
8,5,47,20.94,6.63,Hard,30.41
8,5,49,22.83,8.57,Soft,49.57
8,6,27,26.55,8.4,Soft,43.03
8,6,37,22.49,9.62,Medium,31.07
8,6,53,18.74,7.3,Hard,25.83
8,7,6,17.02,4.05,Soft,14.66
8,7,34,29.51,6.54,Hard,26.48
8,7,67,15.32,9.98,Hard,31.01
8,8,12,24.75,8.62,Soft,34.51
8,8,42,22.15,7.32,Soft,7.55
8,8,51,22.33,6.56,Soft,49.65
8,8,52,29.53,8.73,Soft,39.61
8,8,58,22.34,2.96,Medium,18.33
8,9,5,17.15,9.91,Hard,6.3
8,9,18,29.58,4.86,Hard,43.13
8,9,25,25.01,6.54,Hard,44.53
8,9,26,29.58,2.85,Medium,11.32
8,10,11,21.58,3.33,Soft,33.27
8,10,29,20.02,5.53,Soft,40.83
8,10,69,18.3,6.95,Hard,46.74
8,11,22,28.68,4.79,Hard,46.31
8,11,29,21.18,3.56,Hard,29.48
8,11,38,27.91,7.5,Soft,17.05
8,12,65,25.85,2.13,Hard,25.6
8,13,3,25.16,7.5,Soft,14.12
8,13,6,17.52,7.79,Soft,46.03
8,13,31,15.71,4.78,Medium,29.38
8,13,57,18.73,3.51,Hard,15.12
8,13,68,27.96,7.76,Medium,22.52
8,14,42,26.69,2.89,Hard,23.68
8,15,8,25.96,6.3,Soft,29.89
8,15,13,26.35,2.6,Soft,11.49
8,15,62,15.72,3.62,Hard,18.04
8,16,9,24.77,9.91,Hard,35.62
8,17,14,25.61,3.55,Medium,42.5
8,17,20,16.51,9.59,Medium,33.3
8,17,35,18.48,5.58,Medium,21.29
8,17,36,27.11,9.18,Hard,45.17
8,17,58,18.44,7.01,Hard,16.45
8,18,20,25.17,9.03,Medium,45.15
8,19,3,27.26,6.79,Hard,5.7
8,20,33,22.51,9.88,Hard,20.89
9,1,2,16.67,2.58,Hard,46.25
9,1,11,20.92,7.35,Hard,27.2
9,1,59,17.88,7.05,Hard,49.5
9,2,13,22.39,5.52,Soft,9.2
9,3,11,27.76,5.98,Hard,44.9
9,3,19,16.11,5.62,Soft,31.35
9,3,23,23.93,9.33,Hard,31.67
9,3,31,15.7,4.99,Hard,6.34
9,3,69,21.56,8.51,Medium,30.51
9,4,17,20.29,4.17,Hard,41.91
9,4,54,20.84,2.07,Soft,43.54
9,5,21,15.48,9.91,Medium,11.61
9,5,67,26.36,8.21,Soft,26.87
9,6,6,28.74,2.31,Soft,7.21
9,6,30,27.78,8.58,Medium,36.89
9,6,52,17.01,2.19,Hard,48.4
9,6,58,26.78,8.81,Soft,41.86
9,7,2,25.68,2.25,Soft,17.06
9,7,60,20.51,2.52,Hard,41.93
9,8,2,27.83,2.21,Soft,13.67
9,8,14,22.68,9.68,Soft,9.26
9,8,22,24.7,5.72,Hard,23.7
9,8,47,25.89,4.97,Soft,18.72
9,8,55,29.31,6.4,Hard,34.02
9,9,38,16.66,7.72,Soft,17.03
9,9,44,29.77,9.3,Soft,27.08
9,9,63,22.84,7.74,Soft,33.91
9,10,7,17.15,9.02,Hard,48.6
9,10,14,23.89,7.81,Medium,32.01
9,10,24,16.84,4.75,Medium,44.26
9,10,53,20.51,7.75,Hard,42.17
9,10,62,16.56,5.32,Medium,26.21
9,11,16,22.9,3.5,Soft,21.58
9,11,33,27.57,5.68,Hard,13.78
9,11,52,28.55,9.17,Soft,22.78
9,11,66,16.6,4.78,Medium,10.7
9,12,68,24.79,9.76,Hard,27.41
9,13,35,20.52,5.71,Soft,30.16
9,13,44,27.42,6.15,Medium,7.06
9,13,67,15.54,3.93,Soft,34.14
9,14,6,27.71,5.16,Soft,37.87
9,14,14,22.42,4.01,Medium,10.76
9,14,15,28.17,9.07,Hard,17.59
9,14,43,20.51,7.45,Soft,9.31
9,14,46,19.67,7.39,Soft,45.43
9,15,6,27.82,8.21,Soft,49.62
9,15,8,24.76,7.61,Soft,31.07
9,15,40,22.07,2.36,Soft,11.36
9,15,55,24.22,2.0,Hard,35.02
9,16,27,25.42,4.89,Hard,11.39
9,16,28,15.01,7.09,Soft,15.12
9,16,31,20.26,3.21,Soft,18.21
9,16,66,19.88,9.05,Soft,34.76
9,17,30,24.16,7.71,Soft,30.09
9,18,25,28.43,9.87,Medium,6.42
9,18,58,22.89,7.49,Soft,47.89
9,19,1,27.2,7.07,Medium,28.13
9,19,31,16.83,9.73,Hard,48.7
9,20,14,16.2,8.04,Soft,10.29
9,20,25,24.07,7.21,Soft,15.52
9,20,47,17.16,4.32,Hard,42.6
9,20,62,27.16,8.1,Medium,11.94
10,1,11,19.91,4.04,Medium,40.1
10,1,16,27.18,3.09,Medium,8.53
10,1,40,15.48,8.62,Medium,30.48
10,1,47,21.12,5.53,Medium,47.14
10,1,62,28.03,7.31,Hard,49.42
10,2,7,22.02,4.39,Soft,33.62
10,2,12,25.56,6.75,Medium,12.78
10,2,44,20.78,3.9,Medium,33.36
10,2,69,27.34,4.31,Medium,11.18
10,3,10,20.7,3.6,Soft,36.41
10,3,20,19.41,5.4,Medium,30.68
10,3,41,22.31,3.7,Soft,36.24
10,3,42,17.7,3.71,Medium,13.79
10,4,12,15.55,8.44,Medium,32.16
10,5,14,20.7,6.24,Medium,7.75
10,6,1,24.96,3.43,Medium,20.04
10,6,34,15.53,7.19,Hard,35.09
10,6,46,17.63,8.56,Hard,23.86
10,6,55,22.63,4.2,Hard,28.97
10,7,32,16.38,4.63,Medium,44.53
10,7,37,19.45,6.22,Medium,9.62
10,7,40,29.26,8.17,Hard,30.75
10,7,56,21.5,2.95,Medium,8.42
10,8,38,28.34,9.46,Medium,10.15
10,9,41,19.35,4.29,Hard,36.21
10,9,42,24.12,5.24,Soft,12.38
10,9,52,26.74,3.69,Medium,22.42
10,9,66,28.14,8.67,Soft,37.61
10,10,7,20.58,6.74,Hard,35.04
10,10,9,16.89,2.79,Medium,31.77
10,10,35,18.29,6.17,Soft,19.66
10,10,44,24.64,8.29,Hard,22.02
10,10,69,28.72,9.21,Soft,28.22
10,11,14,15.16,7.64,Hard,15.86
10,11,31,26.76,3.65,Medium,29.39
10,11,36,20.57,4.35,Hard,36.67
10,11,47,18.0,8.49,Medium,48.89
10,12,5,27.88,9.27,Hard,12.1
10,12,6,22.36,5.77,Hard,13.23
10,12,13,27.17,7.68,Soft,12.47
10,12,40,25.12,3.6,Soft,40.71
10,12,45,17.2,6.34,Soft,44.86
10,13,19,26.31,5.13,Soft,5.46
10,13,66,26.65,5.29,Soft,28.59
10,14,15,15.2,2.5,Hard,47.78
10,14,24,28.52,2.85,Medium,48.85
10,15,10,18.02,9.04,Medium,37.63
10,15,37,16.36,3.16,Medium,28.86
10,16,66,15.17,2.9,Soft,16.44
10,17,7,25.26,3.04,Medium,40.12
10,17,32,19.27,6.1,Soft,21.06
10,17,49,19.39,8.93,Medium,32.75
10,17,60,17.63,8.37,Medium,5.97
10,18,6,17.5,6.8,Soft,48.86
10,18,43,28.39,5.82,Hard,37.79
10,18,45,22.94,5.93,Soft,47.13
10,18,54,23.54,8.21,Soft,22.06
10,18,67,19.71,5.48,Hard,21.77
10,19,10,17.62,4.42,Hard,27.84
10,19,39,20.17,9.48,Soft,37.54
10,19,54,20.88,3.64,Hard,19.6
10,20,22,22.62,8.02,Soft,16.88
10,20,37,25.54,2.64,Hard,19.03
10,20,49,19.99,3.65,Soft,8.58
10,20,51,28.14,3.51,Hard,35.17
10,20,58,24.27,2.61,Soft,39.12
11,1,8,16.88,7.45,Medium,39.89
11,1,53,20.97,2.86,Soft,8.04
11,1,66,19.78,4.08,Soft,34.15
11,2,13,19.88,9.0,Hard,7.29
11,2,24,28.73,8.04,Hard,13.78
11,2,41,21.89,2.47,Soft,7.21
11,2,49,28.16,7.49,Hard,5.47
11,3,13,23.77,4.22,Soft,7.11
11,3,19,26.84,9.43,Hard,34.07
11,3,47,16.68,7.9,Hard,43.6
11,3,59,16.55,3.13,Medium,23.85
11,4,7,15.1,9.62,Hard,8.23
11,5,30,29.59,7.65,Hard,14.15
11,5,56,22.7,4.18,Soft,39.25
11,6,15,17.75,3.13,Hard,35.14
11,6,34,26.05,9.53,Medium,14.12
11,6,39,29.91,7.52,Medium,7.55
11,6,51,21.92,4.98,Soft,31.91
11,6,69,20.47,4.04,Soft,21.33
11,7,29,20.9,6.28,Medium,14.58
11,7,57,16.9,2.87,Hard,16.88
11,7,58,15.5,3.32,Soft,39.2
11,7,59,23.19,3.23,Medium,45.79
11,8,14,18.36,4.64,Medium,31.56
11,8,24,22.11,9.55,Soft,33.82
11,8,50,20.26,8.4,Medium,36.88
11,8,69,16.53,6.19,Medium,26.83
11,9,1,22.52,4.59,Soft,24.63
11,9,17,21.28,2.7,Hard,27.7
11,9,54,20.08,9.52,Medium,16.54
11,10,3,18.32,5.46,Soft,19.7
11,10,32,25.6,4.32,Medium,27.01
11,10,38,29.5,3.69,Soft,5.04
11,11,5,23.33,2.34,Hard,13.39
11,11,43,21.04,7.61,Soft,46.11
11,12,8,20.74,2.89,Hard,8.96
11,12,19,26.38,7.39,Soft,45.98
11,12,29,24.4,7.1,Medium,8.27
11,12,63,16.3,2.44,Hard,44.38
11,12,68,21.24,7.26,Hard,36.47
11,13,55,27.0,7.04,Hard,24.84
11,13,64,16.19,2.82,Hard,43.68
11,14,42,19.07,7.67,Medium,47.63
11,15,64,22.37,3.36,Medium,34.18
11,16,2,29.31,3.37,Medium,33.89
11,16,3,20.86,5.95,Soft,9.16
11,16,7,22.09,8.94,Hard,10.13
11,16,60,19.84,4.14,Soft,33.05
11,17,57,16.14,3.14,Medium,16.6
11,17,66,17.89,6.32,Soft,24.7
11,18,43,24.23,5.56,Hard,15.56
11,19,21,27.11,6.91,Soft,43.78
11,20,44,24.89,8.51,Hard,23.28
12,1,4,28.16,2.94,Soft,27.33
12,1,32,20.9,7.94,Medium,26.43
12,2,11,17.05,6.6,Soft,37.47
12,2,29,28.72,3.29,Hard,9.73
12,2,51,28.64,6.09,Hard,32.25
12,2,59,15.1,6.5,Soft,47.99
12,2,65,18.81,6.13,Hard,45.9
12,3,23,22.25,5.62,Soft,31.69
12,4,9,17.18,4.93,Hard,34.8
12,4,44,23.82,6.48,Hard,8.93
12,5,12,29.58,9.22,Medium,14.41
12,5,33,19.12,9.96,Medium,23.17
12,5,46,26.13,4.22,Hard,16.97
12,5,69,25.03,9.93,Soft,41.53
12,6,38,21.67,9.51,Soft,6.82
12,6,58,28.23,9.21,Hard,30.28
12,6,60,19.77,8.97,Soft,50.0
12,7,27,24.83,2.26,Hard,16.07
12,7,51,17.4,5.99,Soft,17.59
12,7,57,24.28,5.2,Hard,34.2
12,8,15,18.04,6.29,Medium,48.15
12,8,19,24.74,7.99,Hard,21.44
12,8,46,23.39,3.18,Soft,47.64
12,9,12,17.1,9.93,Medium,46.54
12,9,16,26.58,2.96,Hard,11.63
12,9,67,24.82,7.86,Soft,35.7
12,10,38,29.7,9.35,Soft,46.99
12,11,22,20.15,4.92,Soft,21.11
12,11,39,25.22,6.47,Hard,18.01
12,11,45,23.33,4.3,Medium,19.16
12,12,35,17.66,6.05,Hard,45.67
12,12,55,24.21,9.94,Medium,46.95
12,12,60,17.71,8.98,Medium,12.06
12,13,23,20.47,4.35,Medium,37.97
12,13,38,26.53,6.5,Medium,11.75
12,13,39,19.82,6.42,Medium,31.47
12,13,54,23.76,9.76,Hard,47.91
12,13,60,27.53,9.25,Soft,10.82
12,14,4,28.93,8.32,Soft,45.77
12,14,18,24.11,7.61,Hard,9.21
12,14,29,29.67,9.8,Soft,16.29
12,15,3,28.13,8.43,Hard,22.98
12,15,6,26.66,4.95,Medium,22.19
12,15,8,16.66,7.86,Hard,8.5
12,15,27,15.05,7.63,Medium,45.57
12,15,37,15.63,8.3,Soft,43.16
12,16,17,26.7,2.94,Medium,12.66
12,16,30,22.61,2.29,Medium,41.89
12,16,58,22.98,7.44,Soft,7.12
12,16,59,18.57,4.04,Hard,24.88
12,17,9,25.41,4.93,Soft,45.11
12,17,19,23.56,3.16,Medium,39.14
12,17,36,21.0,3.03,Medium,49.65
12,17,54,17.89,8.83,Hard,32.46
12,17,57,16.71,4.88,Hard,40.72
12,18,20,15.35,8.8,Medium,14.63
12,19,12,29.86,2.88,Hard,7.92
12,19,17,27.71,7.8,Medium,34.25
12,19,19,16.17,7.74,Soft,10.87
12,19,26,27.79,2.72,Medium,48.72
12,19,62,16.96,4.47,Medium,33.77
12,20,29,17.79,4.4,Soft,27.75
12,20,35,29.09,4.55,Hard,31.65
13,1,34,21.27,7.59,Medium,32.8
13,1,37,25.5,8.26,Medium,14.16
13,1,52,27.72,4.6,Medium,19.49
13,1,59,20.07,5.77,Hard,39.85
13,2,44,17.53,4.36,Soft,39.06
13,2,50,17.61,9.89,Medium,30.29
13,3,6,29.49,9.69,Medium,16.87
13,3,20,27.09,9.37,Soft,23.79
13,3,21,24.04,8.39,Medium,31.79
13,3,66,28.92,9.24,Hard,28.61
13,4,64,25.33,2.75,Medium,15.03
13,5,1,27.85,9.95,Soft,36.39
13,5,27,20.72,7.09,Hard,47.72
13,5,45,28.29,6.07,Medium,27.44
13,5,62,19.86,5.66,Medium,31.69
13,5,66,21.46,2.77,Medium,13.75
13,6,52,23.71,2.3,Hard,32.52
13,6,56,22.99,8.43,Medium,9.05
13,7,1,29.23,3.76,Medium,40.81
13,7,16,19.55,3.23,Medium,35.42
13,7,36,21.95,9.11,Soft,11.41
13,7,57,27.17,6.11,Hard,20.03
13,8,22,24.67,4.86,Medium,14.56
13,8,30,27.06,2.79,Hard,23.72
13,8,31,29.06,2.49,Hard,32.39
13,9,3,24.21,3.65,Soft,21.16
13,9,6,19.91,4.32,Hard,37.49
13,10,11,27.44,8.28,Medium,29.91
13,10,34,28.71,9.39,Hard,12.84
13,10,35,20.11,5.25,Medium,37.39
13,10,66,15.79,6.12,Medium,44.44
13,11,4,25.07,3.56,Hard,44.84
13,11,22,24.75,8.13,Hard,36.65
13,11,28,28.83,4.39,Hard,30.0
13,11,40,26.47,2.09,Soft,19.9
13,11,53,21.54,2.99,Medium,39.26
13,12,6,25.45,3.52,Soft,19.76
13,12,10,22.78,8.38,Soft,12.88
13,12,23,23.64,9.61,Medium,27.1
13,13,19,27.79,9.89,Soft,37.76
13,13,57,19.96,5.98,Soft,24.69
13,13,63,23.46,7.87,Hard,37.98
13,13,66,26.44,6.12,Hard,17.82
13,13,69,22.16,7.59,Hard,27.79
13,14,20,28.66,5.03,Hard,48.62
13,14,24,22.36,8.72,Soft,19.33
13,14,55,29.98,7.99,Medium,18.01
13,14,58,22.16,7.32,Medium,11.62
13,14,64,27.23,3.23,Medium,7.55
13,15,20,28.36,6.37,Soft,14.5
13,15,43,15.06,9.68,Medium,21.5
13,16,27,28.94,2.74,Medium,47.49
13,16,63,16.87,9.82,Medium,45.17
13,17,41,26.06,5.88,Soft,22.44
13,18,17,21.4,4.88,Soft,37.23
13,18,57,15.29,6.2,Soft,25.76
13,19,12,20.13,3.55,Medium,48.09
13,19,46,23.22,7.65,Hard,29.2
13,19,49,26.81,8.63,Hard,39.94
13,20,47,17.01,8.45,Soft,26.75
13,20,61,24.51,8.87,Soft,47.51
14,1,32,22.02,5.09,Hard,26.15
14,1,42,19.75,3.77,Hard,43.8
14,1,44,25.46,2.54,Medium,26.9
14,1,54,27.12,5.02,Soft,38.21
14,2,19,16.71,8.89,Medium,7.85
14,2,26,26.24,7.82,Medium,9.54
14,2,30,21.08,7.76,Soft,49.09
14,2,59,17.41,7.7,Soft,49.87
14,3,6,24.84,5.91,Medium,19.72
14,3,7,19.71,9.73,Medium,40.82
14,3,31,22.34,4.41,Hard,15.42
14,3,69,25.67,5.03,Soft,38.62
14,4,8,19.4,2.46,Medium,31.16
14,4,26,18.54,3.36,Soft,32.25
14,4,63,26.89,4.63,Hard,5.05
14,5,19,20.74,5.63,Soft,35.96
14,6,18,19.01,4.35,Medium,13.09
14,6,28,23.46,4.16,Medium,7.64
14,6,36,15.37,9.79,Medium,37.98
14,6,58,16.65,7.36,Soft,5.61
14,7,24,20.83,7.94,Medium,35.44
14,7,28,19.61,3.54,Hard,16.5
14,8,13,15.87,6.92,Medium,33.11
14,9,10,16.0,6.73,Medium,16.43
14,10,16,28.86,9.16,Medium,34.11
14,10,47,19.81,3.1,Hard,41.71
14,11,30,29.38,2.28,Soft,36.78
14,12,31,19.15,8.42,Hard,32.9
14,13,1,25.42,2.05,Soft,45.92
14,13,15,27.88,9.06,Medium,38.06
14,13,22,17.63,4.4,Medium,34.68
14,13,64,26.12,4.53,Medium,18.07
14,14,11,24.19,3.72,Soft,28.08
14,14,13,27.03,3.68,Hard,30.46
14,14,14,15.29,9.88,Soft,33.86
14,14,34,27.99,4.93,Soft,11.07
14,14,60,17.72,8.64,Medium,49.18
14,15,20,22.77,2.58,Medium,19.04
14,15,22,16.3,2.82,Medium,32.72
14,15,24,24.52,4.16,Hard,49.56
14,15,33,26.6,4.16,Medium,15.07
14,16,55,20.7,4.74,Soft,25.43
14,17,3,27.9,2.15,Soft,5.91
14,17,46,18.4,5.73,Medium,22.1
14,17,50,24.82,3.35,Soft,15.2
14,18,50,26.37,9.71,Medium,37.26
14,19,3,18.79,7.31,Soft,21.49
14,19,21,24.89,6.62,Hard,11.7
14,20,53,19.55,3.56,Hard,24.93
15,1,5,26.3,6.99,Soft,37.81
15,1,27,27.15,4.12,Hard,5.63
15,1,30,15.75,8.65,Medium,7.55
15,1,67,15.98,5.69,Hard,19.84
15,2,12,28.21,5.04,Soft,16.5
15,2,46,27.91,5.61,Hard,15.65
15,2,67,16.74,7.43,Medium,25.63
15,3,63,16.04,3.11,Hard,6.53
15,3,64,26.59,5.07,Soft,6.29
15,3,69,27.12,4.6,Medium,24.92
15,4,12,18.2,3.87,Soft,22.29
15,4,16,21.83,7.81,Medium,26.83
15,4,39,29.64,8.13,Soft,10.67
15,4,49,15.04,6.56,Soft,25.37
15,4,58,17.44,6.38,Soft,16.78
15,5,17,22.9,7.68,Medium,10.72
15,5,45,28.64,8.0,Hard,19.88
15,5,63,16.36,5.95,Hard,6.0
15,5,64,26.87,4.91,Soft,8.5
15,6,10,18.53,4.24,Hard,15.46
15,6,44,21.22,8.74,Soft,11.16
15,6,50,19.56,8.26,Hard,10.57
15,6,61,16.23,8.92,Hard,38.88
15,6,64,19.71,8.27,Soft,42.93
15,7,13,19.67,2.46,Medium,29.12
15,7,29,19.47,5.95,Hard,15.41
15,8,5,26.23,3.56,Soft,16.59
15,8,12,21.72,4.86,Medium,26.81
15,8,24,22.09,7.34,Medium,9.27
15,8,37,22.69,2.17,Hard,32.02
15,8,50,28.51,6.07,Soft,20.92
15,9,1,17.48,2.34,Medium,48.89
15,9,4,17.36,4.05,Hard,34.0
15,9,19,23.75,8.57,Hard,41.68
15,10,21,21.32,2.04,Soft,16.58
15,10,22,17.81,7.64,Medium,12.06
15,10,31,29.94,6.17,Soft,44.04
15,10,45,24.55,6.05,Medium,15.44
15,11,3,21.21,6.2,Soft,42.55
15,11,11,17.04,2.04,Medium,16.2
15,11,32,16.83,2.31,Hard,37.31
15,12,32,27.47,4.31,Medium,41.04
15,12,40,17.72,4.3,Soft,10.52
15,12,56,22.07,5.74,Soft,23.94
15,12,68,15.04,2.14,Soft,36.55
15,13,21,26.82,4.71,Soft,22.78
15,13,67,20.42,9.69,Soft,16.07
15,14,39,16.67,3.2,Medium,15.35
15,15,2,27.92,7.44,Soft,25.42
15,15,28,16.65,5.63,Soft,6.64
15,15,42,26.97,8.92,Medium,48.96
15,16,28,21.33,6.44,Soft,22.54
15,17,19,18.73,9.41,Hard,29.67
15,17,38,16.07,2.53,Hard,30.1
15,17,51,16.22,6.18,Hard,11.14
15,17,59,16.62,4.65,Medium,7.43
15,18,36,20.79,2.54,Medium,13.13
15,18,39,18.56,5.89,Soft,42.06
15,18,45,17.2,5.34,Hard,23.13
15,18,50,24.97,4.2,Hard,39.88
15,19,15,21.17,4.6,Hard,25.51
15,19,22,29.66,5.66,Medium,45.21
15,19,51,24.2,7.03,Soft,10.09
15,20,28,27.31,9.95,Soft,20.88
15,20,31,22.76,4.08,Hard,38.74
15,20,65,19.02,7.71,Hard,5.75
16,1,12,25.82,9.77,Soft,43.23
16,1,40,25.95,8.04,Soft,42.46
16,1,47,28.79,5.59,Medium,49.71
16,1,65,19.94,7.05,Medium,9.64
16,1,66,23.84,5.18,Hard,27.83
16,2,19,17.95,4.48,Soft,24.67
16,3,10,21.41,7.93,Hard,12.46
16,3,21,15.09,2.38,Hard,14.87
16,3,35,17.59,7.79,Medium,46.02
16,4,25,23.71,9.61,Soft,29.82
16,5,4,16.95,9.18,Medium,28.85
16,5,6,29.39,9.18,Hard,29.18
16,6,5,21.52,9.44,Hard,31.99
16,6,40,16.31,6.09,Hard,15.45
16,6,47,26.49,2.72,Medium,26.21
16,7,7,27.04,2.86,Hard,37.27
16,8,20,26.01,3.82,Hard,31.86
16,8,25,29.69,5.7,Medium,19.41
16,8,40,24.3,4.81,Soft,13.6
16,8,41,17.92,6.61,Medium,20.14
16,8,54,19.66,6.73,Soft,43.1
16,9,10,17.18,4.28,Soft,47.85
16,10,15,16.44,3.46,Hard,26.46
16,10,24,19.5,7.5,Medium,39.08
16,10,36,24.99,3.54,Hard,22.84
16,10,47,25.1,5.94,Medium,10.53
16,10,51,26.96,2.4,Medium,17.74
16,11,43,19.24,9.58,Hard,49.21
16,12,10,16.5,2.31,Soft,18.75
16,12,11,29.24,2.13,Medium,29.58
16,12,45,20.07,4.47,Medium,19.59
16,12,69,17.84,4.62,Medium,31.1
16,13,17,24.31,2.27,Medium,10.06
16,13,54,20.01,7.73,Soft,16.81
16,13,62,19.39,9.53,Soft,8.23
16,13,64,17.43,6.55,Hard,35.99
16,13,65,26.95,5.48,Soft,32.51
16,14,43,26.25,4.23,Hard,48.9
16,15,8,16.68,7.63,Soft,41.42
16,15,42,24.16,8.4,Soft,47.89
16,15,52,18.84,7.67,Medium,44.14
16,15,62,20.11,5.39,Soft,44.65
16,16,3,18.64,4.57,Medium,46.18
16,16,46,21.56,3.31,Hard,10.62
16,16,51,20.32,7.43,Hard,28.76
16,16,58,17.23,3.71,Hard,8.1
16,17,4,26.71,3.01,Hard,18.52
16,17,27,21.84,4.54,Hard,20.8
16,17,31,28.76,7.74,Soft,22.73
16,17,46,17.41,2.54,Soft,30.89
16,18,12,27.94,6.95,Hard,6.51
16,18,24,20.02,3.99,Medium,48.42
16,18,25,15.43,3.47,Hard,13.81
16,18,59,27.34,3.2,Soft,34.11
16,19,3,23.89,5.57,Medium,16.73
16,19,59,22.08,4.55,Medium,19.74
16,20,3,22.85,4.5,Soft,9.97
16,20,25,21.79,7.55,Hard,17.45
16,20,40,25.17,4.08,Medium,24.08
17,1,8,19.03,5.44,Soft,25.82
17,1,13,20.75,9.16,Soft,15.12
17,1,25,18.79,8.86,Hard,34.66
17,1,46,17.24,4.59,Medium,12.21
17,1,53,28.92,7.16,Hard,27.77
17,2,9,16.66,4.36,Medium,30.1
17,2,13,16.02,6.37,Medium,39.22
17,2,41,17.62,6.08,Hard,37.09
17,2,62,28.32,5.21,Hard,31.67
17,2,64,20.78,4.56,Medium,44.89
17,3,11,26.87,8.25,Soft,31.93
17,3,13,23.22,4.76,Medium,13.69
17,3,29,21.81,7.15,Medium,16.89
17,3,30,15.04,4.74,Medium,29.85
17,4,29,29.17,8.55,Hard,40.19
17,4,33,29.62,8.88,Hard,42.48
17,4,38,26.05,5.55,Medium,42.91
17,4,66,17.74,7.96,Hard,12.61
17,5,18,19.48,2.39,Hard,34.99
17,5,34,17.29,8.41,Soft,37.24
17,5,54,26.93,8.15,Hard,37.17
17,5,64,19.92,7.44,Soft,30.21
17,6,20,22.85,7.67,Hard,48.57
17,6,33,26.46,6.16,Hard,33.57
17,6,54,17.82,4.56,Soft,21.2
17,6,66,18.74,7.27,Medium,45.14
17,6,69,19.32,2.06,Soft,45.08
17,7,52,19.95,2.53,Medium,10.9
17,8,26,26.33,7.51,Medium,27.39
17,8,63,20.38,2.85,Medium,45.99
17,9,44,21.98,7.03,Soft,25.31
17,9,46,21.65,2.78,Medium,15.13
17,9,60,20.93,3.66,Hard,37.28
17,10,3,18.17,6.31,Hard,37.66
17,11,1,23.32,6.12,Medium,18.23
17,11,9,18.57,2.45,Hard,17.05
17,11,19,28.41,7.01,Soft,44.96
17,11,45,24.82,2.6,Hard,43.41
17,12,1,15.09,3.16,Hard,37.96
17,12,2,17.55,6.82,Hard,19.88
17,13,35,25.45,9.83,Soft,24.7
17,13,43,28.07,3.12,Soft,46.54
17,13,49,20.19,5.89,Medium,23.06
17,14,39,15.12,8.28,Medium,10.63
17,14,47,18.59,7.07,Hard,22.85
17,14,65,29.52,4.22,Medium,45.42
17,15,3,21.19,3.2,Medium,35.75
17,16,13,26.22,4.6,Hard,7.52
17,16,20,15.8,5.69,Medium,35.41
17,16,34,26.38,4.52,Hard,44.27
17,16,38,27.29,6.17,Medium,37.17
17,16,40,25.7,3.66,Hard,41.29
17,17,8,16.88,3.91,Medium,50.0
17,17,66,16.78,2.25,Medium,25.94
17,17,67,26.59,5.05,Soft,7.31
17,18,41,18.1,8.5,Soft,11.46
17,19,29,27.44,4.48,Hard,8.69
17,20,17,23.85,3.28,Soft,9.36
17,20,23,19.46,5.36,Hard,47.38
17,20,26,21.02,3.84,Medium,5.66
17,20,28,18.08,6.16,Soft,6.49
17,20,47,28.09,3.71,Soft,43.35
18,1,5,25.72,7.05,Hard,20.23
18,1,14,27.54,2.98,Soft,23.52
18,1,43,23.05,6.01,Medium,29.27
18,2,6,29.74,6.34,Medium,48.63
18,2,21,26.29,8.34,Medium,17.72
18,2,52,23.75,7.22,Medium,26.24
18,3,3,19.25,9.74,Hard,17.65
18,3,12,21.97,5.49,Hard,45.16
18,3,25,16.74,9.13,Medium,39.18
18,3,47,29.22,9.38,Medium,13.24
18,3,62,21.24,5.52,Soft,8.95
18,4,27,20.16,6.48,Hard,42.04
18,4,30,20.33,5.57,Medium,25.87
18,4,36,17.08,4.42,Hard,31.83
18,4,38,28.11,6.91,Hard,6.77
18,4,67,29.26,6.98,Soft,29.05
18,5,3,19.14,6.41,Medium,41.0
18,5,55,24.82,2.08,Medium,46.42
18,5,56,26.97,9.87,Soft,49.36
18,6,6,27.53,7.68,Soft,36.81
18,6,12,28.76,3.83,Soft,44.3
18,6,47,18.89,2.98,Hard,22.32
18,6,64,19.44,4.47,Soft,28.53
18,6,69,15.67,9.18,Hard,10.41
18,7,2,29.86,7.9,Soft,15.86
18,7,4,28.79,5.92,Soft,39.08
18,7,6,15.09,3.3,Soft,44.64
18,7,24,23.37,4.7,Hard,44.88
18,8,9,15.43,2.56,Soft,37.22
18,9,46,15.87,8.42,Soft,30.7
18,10,6,20.75,5.89,Hard,23.99
18,10,41,26.81,5.29,Hard,20.8
18,10,43,16.85,4.82,Soft,20.04
18,11,29,29.09,2.23,Medium,38.91
18,11,55,18.21,5.64,Hard,14.23
18,12,36,25.22,2.4,Hard,42.91
18,12,40,22.03,9.92,Hard,27.94
18,13,30,28.15,6.96,Soft,7.23
18,13,36,21.61,2.34,Soft,39.75
18,13,55,16.92,5.74,Hard,29.87
18,14,1,16.62,2.88,Medium,12.03
18,14,10,25.7,3.58,Soft,28.2
18,14,16,24.2,5.45,Hard,38.27
18,14,21,16.62,8.76,Hard,33.84
18,14,50,23.43,5.9,Medium,48.32
18,15,11,22.58,5.98,Hard,11.29
18,15,19,21.38,5.72,Hard,14.28
18,15,68,22.79,4.51,Soft,35.69
18,16,42,16.21,7.0,Hard,46.02
18,17,4,29.87,4.1,Medium,15.53
18,17,8,15.88,8.82,Soft,17.59
18,17,12,25.73,6.05,Medium,9.41
18,17,22,25.21,5.73,Soft,5.38
18,18,30,15.6,4.94,Soft,44.59
18,18,61,20.28,8.68,Medium,17.23
18,19,15,18.79,4.53,Hard,12.82
18,19,18,17.94,3.19,Soft,47.49
18,19,25,28.35,7.3,Soft,28.96
18,19,58,23.92,5.92,Hard,37.65
18,19,67,18.55,8.36,Medium,7.2
18,20,4,29.61,9.54,Hard,12.81
18,20,12,25.37,6.31,Soft,33.84
18,20,35,27.68,6.15,Hard,28.88
19,1,19,23.56,7.44,Medium,27.29
19,1,55,20.77,4.16,Soft,29.6
19,1,59,19.86,9.34,Soft,14.46
19,2,9,15.98,2.86,Medium,39.65
19,2,17,26.67,2.82,Soft,18.51
19,2,38,27.57,4.9,Soft,31.48
19,3,61,26.58,2.12,Hard,45.58
19,3,68,27.21,6.45,Medium,12.83
19,4,57,25.47,8.75,Hard,5.13
19,5,14,26.43,6.48,Medium,30.12
19,5,18,29.27,3.57,Hard,46.74
19,5,26,29.61,8.13,Medium,9.24
19,5,31,24.68,5.02,Soft,45.93
19,5,68,20.97,2.03,Hard,14.69
19,6,12,20.58,9.73,Soft,41.0
19,6,24,15.57,2.97,Hard,33.12
19,6,53,17.11,6.22,Hard,45.4
19,6,65,16.51,7.45,Hard,44.14
19,7,17,27.69,4.67,Hard,29.0
19,7,60,22.47,2.63,Medium,44.34
19,7,65,22.5,7.95,Soft,43.25
19,8,14,25.99,5.5,Medium,41.5
19,8,55,25.02,4.01,Hard,21.79
19,8,66,16.66,2.55,Hard,9.28
19,9,63,21.98,9.0,Hard,48.0
19,10,1,25.58,9.9,Medium,47.47
19,10,12,29.5,9.67,Medium,13.44
19,10,26,20.09,7.51,Hard,12.25
19,10,47,18.34,7.07,Medium,11.82
19,10,64,18.22,5.83,Soft,33.24
19,11,11,25.08,8.82,Soft,14.02
19,11,20,15.03,2.43,Hard,16.54
19,11,44,16.27,8.72,Soft,45.55
19,11,63,25.13,5.22,Soft,41.63
19,12,57,29.06,5.46,Hard,23.23
19,12,62,18.53,6.54,Soft,41.6
19,12,69,25.21,6.42,Hard,27.56
19,13,20,23.0,2.64,Medium,45.98
19,13,27,16.31,9.18,Hard,19.03
19,13,28,28.67,3.57,Soft,18.54
19,13,47,21.93,5.03,Medium,36.82
19,14,20,29.28,6.15,Medium,47.71
19,15,33,26.67,4.12,Hard,10.66
19,16,14,19.13,8.43,Soft,34.48
19,16,25,27.22,6.41,Medium,27.72
19,17,7,28.02,8.24,Medium,26.63
19,17,25,20.28,3.6,Soft,14.77
19,17,45,15.18,6.13,Medium,47.87
19,18,18,23.06,2.06,Hard,45.27
19,18,24,29.65,2.8,Hard,41.74
19,18,61,25.39,7.49,Hard,32.88
19,19,5,25.12,5.59,Hard,17.79
19,19,23,28.15,2.7,Medium,12.31
19,20,67,24.03,3.93,Hard,43.2
19,20,69,23.33,9.54,Soft,13.66
20,1,18,17.53,4.33,Soft,21.74
20,1,25,26.16,9.22,Hard,31.41
20,1,34,21.26,6.29,Medium,33.75
20,1,57,22.29,4.0,Soft,7.76
20,2,21,24.82,9.93,Medium,47.05
20,2,23,21.72,5.48,Soft,22.04
20,2,34,29.63,9.52,Soft,33.68
20,2,58,26.31,7.74,Hard,30.52
20,3,39,18.12,9.64,Soft,33.8
20,3,48,27.3,8.11,Soft,49.67
20,3,49,26.01,4.96,Soft,15.37
20,3,62,17.8,7.64,Hard,16.73
20,3,63,15.55,5.04,Soft,29.69
20,4,33,26.46,9.75,Hard,7.69
20,4,65,28.67,9.63,Hard,25.7
20,5,37,19.77,3.99,Medium,15.52
20,5,43,28.65,2.79,Soft,44.14
20,5,49,18.89,4.1,Hard,17.74
20,5,52,27.04,5.83,Hard,11.03
20,6,27,25.12,4.29,Soft,38.65
20,6,34,21.24,8.74,Soft,32.15
20,6,54,21.98,7.91,Soft,22.24
20,6,65,26.42,3.13,Medium,49.24
20,6,67,29.42,9.53,Medium,47.93
20,7,5,22.51,6.02,Hard,36.98
20,7,14,25.53,8.15,Medium,8.02
20,7,24,17.37,3.84,Hard,44.06
20,7,48,27.36,3.67,Hard,34.49
20,7,56,24.29,5.13,Medium,11.04
20,8,25,26.16,8.33,Soft,24.44
20,9,1,27.86,4.26,Hard,9.9
20,9,8,17.42,5.34,Soft,49.96
20,9,14,21.1,8.17,Medium,17.72
20,9,35,16.39,8.74,Medium,12.43
20,9,57,18.06,7.93,Hard,13.6
20,10,47,16.31,5.95,Soft,7.29
20,11,37,27.0,7.57,Hard,32.8
20,11,40,27.59,7.48,Soft,27.86
20,12,36,23.93,6.34,Medium,45.33
20,13,2,25.47,6.32,Soft,12.2
20,14,16,17.93,7.7,Soft,15.81
20,14,29,17.45,3.23,Soft,45.89
20,15,7,25.12,8.15,Hard,45.37
20,15,26,17.26,4.36,Soft,13.0
20,15,31,23.12,7.25,Hard,34.82
20,16,43,16.64,6.07,Medium,35.04
20,16,57,19.57,6.38,Hard,37.43
20,17,52,18.25,8.01,Medium,7.74
20,17,57,24.12,9.46,Hard,16.95
20,18,6,20.55,4.55,Hard,25.56
20,18,17,15.44,8.79,Medium,17.99
20,18,38,25.21,3.69,Soft,31.05
20,18,60,20.74,6.15,Hard,44.59
20,18,64,28.15,5.24,Soft,40.68
20,19,25,24.85,5.4,Hard,47.48
20,19,30,18.38,8.27,Medium,47.43
20,19,49,22.64,6.62,Medium,9.18
20,20,3,24.23,2.06,Hard,29.31
20,20,30,22.13,9.34,Soft,38.56
20,20,31,29.53,3.8,Hard,5.55
20,20,41,18.32,7.46,Soft,26.28
20,20,43,23.17,4.32,Medium,45.22
21,1,65,20.48,7.37,Soft,7.87
21,2,2,21.06,2.75,Soft,30.73
21,3,31,26.47,3.6,Soft,12.7
21,3,48,15.8,5.27,Medium,28.06
21,4,5,25.32,3.74,Medium,49.34
21,4,31,20.23,6.06,Medium,34.67
21,4,36,24.48,7.75,Soft,37.15
21,4,43,24.8,9.19,Soft,18.62
21,4,62,23.5,5.48,Medium,22.71
21,5,17,26.39,9.78,Soft,20.63
21,5,19,27.58,4.08,Medium,16.79
21,5,53,26.89,4.44,Hard,48.57
21,5,61,26.93,8.35,Hard,14.75
21,6,35,24.78,6.17,Medium,26.53
21,7,24,20.76,3.67,Hard,8.67
21,8,44,29.88,8.98,Soft,23.67
21,8,49,27.92,9.2,Hard,5.2
21,8,56,21.75,4.74,Soft,9.65
21,9,57,17.06,5.23,Soft,49.07
21,10,7,18.67,9.62,Medium,25.45
21,10,22,16.6,7.36,Hard,36.32
21,10,27,17.21,4.82,Medium,28.37
21,10,39,25.13,3.61,Hard,45.26
21,10,66,23.07,3.67,Soft,44.0
21,11,4,27.5,5.9,Soft,12.79
21,11,19,20.72,8.42,Soft,45.43
21,11,38,25.36,5.72,Medium,6.53
21,11,69,22.25,3.6,Soft,15.49
21,12,2,21.9,6.46,Hard,7.34
21,12,65,26.96,6.05,Medium,40.26
21,13,69,21.12,9.36,Soft,21.45
21,14,34,15.82,2.97,Medium,6.56
21,15,13,25.94,3.31,Medium,22.67
21,15,23,28.15,5.01,Soft,40.16
21,15,41,26.06,6.8,Hard,16.67
21,15,49,23.82,6.53,Soft,17.2
21,15,59,27.78,2.5,Soft,44.53
21,16,10,25.41,8.75,Medium,23.5
21,16,66,16.07,6.52,Medium,33.06
21,17,52,21.98,9.06,Soft,45.19
21,17,65,18.26,4.45,Medium,10.23
21,18,13,29.08,4.77,Medium,33.35
21,18,22,16.07,5.05,Soft,27.78
21,18,26,22.25,7.05,Medium,44.91
21,18,54,24.99,9.92,Soft,19.55
21,18,64,29.5,5.1,Medium,34.15
21,19,3,17.64,3.35,Soft,10.75
21,19,28,28.64,5.97,Hard,7.74
21,19,54,17.66,9.44,Medium,42.56
21,19,67,15.09,8.38,Soft,29.86
21,20,40,27.33,8.29,Soft,7.39
21,20,41,25.14,8.76,Hard,18.83
22,1,16,25.47,2.4,Soft,37.57
22,1,38,15.87,3.69,Medium,11.24
22,1,48,17.51,6.48,Soft,8.47
22,2,17,26.71,7.85,Hard,11.96
22,2,33,26.17,4.97,Soft,18.35
22,2,54,28.87,6.84,Hard,16.55
22,2,60,24.38,3.73,Soft,36.79
22,3,49,22.04,6.3,Soft,17.43
22,3,52,23.18,7.73,Medium,12.99
22,3,53,19.35,2.97,Hard,18.75
22,4,25,16.11,5.92,Soft,14.64
22,4,26,17.74,5.59,Soft,31.77
22,4,41,16.35,7.75,Soft,45.2
22,5,9,21.4,7.0,Hard,43.39
22,5,30,22.46,6.69,Soft,24.16
22,5,41,25.56,7.86,Medium,33.63
22,5,56,25.42,6.56,Hard,9.87
22,6,7,17.83,2.42,Hard,43.44
22,6,24,18.55,5.63,Soft,7.39
22,6,67,27.58,3.93,Soft,18.16
22,7,6,15.72,4.93,Soft,25.18
22,7,24,16.4,5.39,Soft,23.74
22,8,12,26.22,8.64,Hard,11.47
22,8,62,26.22,4.83,Hard,48.05
22,9,22,18.03,8.3,Hard,49.12
22,10,21,17.05,8.44,Soft,6.63
22,10,31,24.91,5.42,Soft,16.8
22,10,55,18.12,6.14,Soft,42.04
22,10,59,25.72,3.38,Hard,34.83
22,10,64,18.25,7.6,Medium,23.56
22,11,14,15.47,9.74,Medium,23.87
22,11,15,28.07,8.29,Soft,27.59
22,11,17,20.29,3.5,Medium,30.13
22,11,56,17.99,9.58,Medium,17.65
22,11,62,18.14,8.77,Hard,34.77
22,12,37,24.92,7.1,Medium,42.8
22,12,45,15.99,7.19,Medium,26.07
22,12,56,28.67,7.57,Hard,5.75
22,12,64,19.99,7.02,Soft,34.91
22,13,15,18.85,2.94,Medium,41.49
22,13,17,17.55,5.16,Medium,41.44
22,13,55,27.5,4.1,Soft,10.68
22,13,58,15.05,5.46,Medium,10.96
22,13,61,25.12,5.41,Hard,43.79
22,14,4,17.91,5.03,Soft,36.04
22,14,16,24.43,2.12,Soft,32.47
22,14,20,25.26,9.21,Hard,6.44
22,14,37,19.41,9.8,Soft,46.45
22,14,50,16.67,7.73,Medium,44.99
22,15,27,28.09,3.86,Soft,22.2
22,15,58,15.59,4.9,Hard,27.77
22,15,66,25.47,6.79,Soft,7.34
22,16,21,15.26,8.8,Hard,6.33
22,16,27,19.86,2.51,Soft,28.03
22,16,42,18.17,8.1,Medium,46.33
22,16,60,17.59,3.48,Medium,37.67
22,17,14,15.53,4.52,Hard,35.23
22,17,37,29.56,5.36,Medium,46.78
22,17,59,24.61,9.99,Medium,27.69
22,18,28,25.09,6.93,Soft,10.13
22,18,49,26.31,2.41,Soft,28.69
22,18,59,24.67,7.27,Medium,12.96
22,18,65,17.46,5.16,Medium,32.57
22,19,26,17.27,9.42,Soft,40.74
22,19,49,20.68,6.76,Hard,49.67
22,19,59,16.41,5.65,Soft,36.88
22,20,15,21.21,4.9,Medium,14.28
22,20,18,27.12,3.06,Hard,32.99
22,20,28,17.92,2.32,Hard,7.92
22,20,32,16.32,2.15,Hard,26.6
22,20,50,18.88,7.78,Soft,29.64
23,1,39,23.22,9.35,Soft,49.31
23,1,61,27.97,4.7,Hard,38.72
23,2,19,24.4,4.54,Medium,14.46
23,2,22,25.86,6.31,Hard,13.23
23,2,34,16.39,4.96,Hard,18.88
23,2,37,26.46,6.72,Soft,10.66
23,3,3,17.3,6.63,Hard,6.52
23,3,23,28.31,5.99,Hard,11.61
23,3,33,26.81,9.52,Hard,10.82
23,3,35,25.88,7.21,Hard,25.58
23,3,48,28.54,6.85,Soft,23.56
23,4,15,29.39,2.28,Medium,6.39
23,4,39,19.33,6.2,Medium,6.89
23,5,46,21.51,5.01,Medium,8.48
23,5,61,18.95,2.72,Medium,27.79
23,5,66,25.65,8.65,Soft,38.7
23,6,3,22.59,2.85,Medium,8.65
23,6,8,27.88,8.93,Hard,6.22
23,6,9,18.23,8.98,Soft,22.54
23,7,16,23.22,4.83,Soft,30.15
23,7,25,25.27,4.65,Medium,27.41
23,7,49,26.65,2.68,Hard,28.25
23,7,58,15.42,2.01,Medium,11.18
23,7,66,29.13,5.8,Hard,16.49
23,8,14,23.19,6.27,Hard,18.51
23,8,31,20.35,5.99,Soft,33.59
23,8,43,16.72,5.5,Medium,45.92
23,8,69,29.57,4.43,Medium,16.41
23,9,53,28.94,4.31,Hard,21.23
23,10,50,25.8,5.43,Soft,25.18
23,10,54,29.4,8.61,Hard,41.94
23,11,2,20.38,9.48,Soft,32.56
23,11,22,26.12,9.75,Soft,9.69
23,11,38,21.89,2.88,Hard,24.06
23,11,50,28.21,7.78,Soft,42.89
23,11,54,26.95,4.06,Hard,39.07
23,12,10,15.78,3.79,Hard,6.08
23,12,14,26.14,8.89,Soft,48.46
23,12,26,16.47,6.67,Hard,11.48
23,13,2,16.78,5.9,Soft,41.66
23,13,9,25.88,5.68,Hard,29.87
23,14,2,17.97,9.55,Soft,13.83
23,14,3,24.61,8.61,Hard,40.67
23,14,20,29.77,2.75,Hard,24.01
23,14,28,20.47,2.06,Soft,42.25
23,14,65,22.54,7.01,Medium,39.87
23,15,46,22.26,4.31,Medium,40.24
23,15,51,28.53,7.3,Hard,33.99
23,15,66,26.22,2.74,Soft,48.81
23,16,3,15.1,6.88,Medium,6.63
23,16,29,28.07,6.06,Medium,42.37
23,16,32,29.26,5.38,Hard,32.58
23,17,6,18.82,3.43,Hard,23.31
23,17,32,23.05,8.2,Medium,32.93
23,17,36,15.46,7.18,Medium,24.69
23,17,61,27.49,3.09,Medium,20.52
23,18,9,19.38,8.91,Medium,16.71
23,18,33,19.54,9.33,Medium,7.43
23,18,47,23.79,5.17,Medium,41.98
23,18,57,29.42,6.14,Soft,40.87
23,19,9,23.55,3.89,Hard,19.38
23,19,51,21.77,6.43,Hard,34.67
23,19,55,18.36,6.62,Soft,49.04
23,20,15,23.23,2.05,Medium,31.46
23,20,33,24.59,8.1,Medium,14.55
23,20,42,19.0,3.17,Soft,33.23
23,20,59,29.57,6.3,Hard,18.15
24,1,4,16.28,8.64,Hard,22.58
24,1,5,15.63,2.19,Soft,28.29
24,1,31,27.0,6.56,Soft,47.31
24,1,62,23.81,8.02,Medium,39.79
24,2,1,18.6,7.37,Soft,30.61
24,2,20,24.43,4.87,Hard,27.47
24,2,26,17.47,5.99,Hard,49.04
24,3,37,21.93,3.71,Hard,14.36
24,4,35,29.96,7.05,Hard,20.77
24,4,39,24.26,2.11,Soft,20.92
24,5,12,16.36,8.79,Medium,28.51
24,5,14,23.51,7.54,Hard,32.63
24,5,55,17.44,6.75,Medium,10.48
24,5,59,18.12,8.85,Hard,39.7
24,5,66,29.74,4.75,Medium,16.14
24,6,8,17.34,9.57,Medium,33.8
24,7,13,29.71,8.92,Hard,34.41
24,7,18,15.74,4.05,Hard,43.92
24,7,27,21.62,9.47,Medium,26.4
24,7,62,20.38,8.28,Medium,42.73
24,8,7,16.36,7.11,Soft,42.11
24,8,36,17.62,6.57,Medium,26.35
24,9,18,24.68,6.81,Hard,29.1
24,9,43,16.16,3.34,Soft,44.44
24,9,49,16.96,4.7,Soft,10.92
24,9,65,23.99,2.05,Medium,14.55
24,9,67,16.21,4.86,Medium,19.8
24,10,52,20.01,6.82,Hard,13.73
24,11,2,27.76,5.32,Medium,19.32
24,11,14,29.08,2.16,Soft,17.1
24,11,16,15.35,5.14,Soft,8.64
24,11,31,22.53,9.34,Medium,20.69
24,12,32,30.0,9.88,Hard,23.74
24,12,40,27.05,2.6,Hard,20.66
24,12,54,26.71,4.23,Medium,29.33
24,12,60,28.89,9.69,Soft,16.87
24,12,67,15.74,5.17,Soft,29.89
24,13,16,18.35,8.27,Hard,22.82
24,13,27,27.13,8.0,Soft,13.02
24,13,29,15.62,8.81,Hard,23.57
24,13,39,16.22,6.72,Hard,38.85
24,13,52,20.3,2.89,Medium,23.21
24,14,7,20.69,5.56,Soft,22.83
24,14,24,17.33,9.09,Hard,19.59
24,14,52,19.9,6.12,Hard,7.75
24,15,30,17.51,2.55,Hard,26.29
24,15,40,23.56,9.76,Soft,23.23
24,16,1,25.32,2.33,Hard,8.69
24,16,5,16.65,9.32,Soft,5.31
24,16,6,27.15,3.84,Hard,35.73
24,16,65,18.03,5.42,Soft,40.72
24,16,69,21.36,2.47,Hard,20.52
24,17,23,24.18,7.53,Medium,38.57
24,17,33,27.12,2.7,Medium,48.01
24,17,46,24.74,9.81,Hard,6.7
24,18,13,16.28,7.0,Soft,12.01
24,18,17,15.61,6.11,Soft,37.4
24,19,20,24.58,5.06,Soft,16.53
24,19,23,29.08,8.28,Hard,33.0
24,19,33,15.27,9.2,Hard,48.3
24,19,38,22.62,5.19,Hard,18.94
24,19,48,17.18,9.49,Soft,29.39
24,20,2,23.49,6.6,Medium,28.86
24,20,26,15.75,6.1,Medium,6.82
24,20,31,17.73,2.23,Soft,31.28
24,20,40,22.96,2.96,Medium,34.05
24,20,63,24.31,9.29,Soft,10.89
25,1,10,19.83,2.85,Medium,19.79
25,1,15,15.46,4.03,Soft,35.87
25,1,37,27.82,2.75,Soft,25.43
25,1,55,22.27,6.23,Soft,31.09
25,2,57,27.28,5.06,Medium,46.79
25,2,58,22.41,5.07,Medium,6.11
25,2,59,24.91,4.34,Soft,14.67
25,3,9,21.52,5.91,Medium,47.66
25,3,24,23.64,6.31,Hard,25.29
25,3,35,23.06,9.23,Soft,12.66
25,3,46,21.69,2.68,Hard,20.45
25,3,51,22.72,9.58,Soft,47.72
25,4,40,17.0,4.36,Hard,40.77
25,4,63,27.86,4.83,Medium,46.13
25,5,23,28.5,5.66,Hard,49.63
25,5,49,24.09,9.45,Hard,30.6
25,6,18,28.78,4.8,Hard,44.82
25,6,23,23.79,7.15,Hard,9.07
25,6,58,18.28,7.12,Hard,49.79
25,6,59,27.68,5.63,Hard,8.79
25,6,66,21.7,5.0,Medium,13.08
25,7,4,27.15,9.63,Hard,7.18
25,7,13,24.59,7.56,Soft,5.04
25,7,47,25.88,6.91,Medium,31.89
25,7,50,27.13,7.62,Hard,44.83
25,7,59,21.91,4.95,Medium,32.41
25,8,28,23.74,3.45,Hard,12.77
25,8,38,15.16,2.93,Hard,39.13
25,8,48,17.39,7.32,Medium,25.66
25,8,53,27.49,5.81,Medium,30.65
25,8,62,16.41,6.41,Hard,34.45
25,9,20,24.62,4.81,Medium,46.95
25,9,30,29.42,5.35,Hard,36.49
25,9,31,28.78,8.39,Medium,39.6
25,10,4,29.19,6.47,Hard,49.92
25,10,9,21.0,4.59,Medium,25.54
25,10,50,17.52,8.8,Soft,12.84
25,11,36,17.33,3.79,Medium,45.73
25,11,62,26.52,2.72,Hard,33.92
25,12,10,20.07,7.15,Medium,42.44
25,12,51,25.68,7.08,Medium,35.83
25,12,67,23.21,2.99,Hard,26.43
25,13,18,17.67,2.46,Medium,14.65
25,13,45,24.71,7.15,Soft,38.69
25,13,48,25.66,9.52,Medium,30.65
25,13,59,26.89,5.09,Soft,47.68
25,14,44,26.86,5.19,Hard,12.3
25,15,10,17.94,9.65,Hard,46.8
25,15,14,27.65,6.3,Medium,23.41
25,15,17,23.34,6.3,Soft,46.44
25,15,45,28.39,7.88,Hard,44.36
25,16,1,21.4,7.32,Soft,43.73
25,16,24,26.03,5.91,Soft,12.96
25,16,29,19.37,7.54,Soft,42.0
25,16,56,21.83,9.52,Soft,23.54
25,16,58,15.59,8.36,Medium,37.23
25,17,40,19.91,8.46,Medium,18.0
25,18,10,20.73,4.7,Soft,26.45
25,18,33,24.53,9.88,Soft,33.63
25,19,46,23.54,4.9,Hard,30.2
25,20,42,18.46,6.04,Soft,42.25
25,20,47,16.99,2.95,Soft,27.25
25,20,49,22.32,4.63,Hard,26.23
25,20,53,16.32,6.99,Soft,15.03
26,1,35,19.1,7.64,Hard,6.81
26,1,56,25.66,5.22,Medium,23.25
26,1,60,19.0,5.08,Soft,10.54
26,1,61,19.3,8.54,Hard,32.42
26,2,19,22.61,4.22,Soft,5.75
26,3,10,19.34,7.95,Medium,39.11
26,3,57,20.15,7.8,Medium,23.23
26,4,16,22.76,4.46,Soft,29.36
26,4,30,17.87,9.86,Soft,36.09
26,4,38,17.81,4.79,Medium,41.7
26,4,65,28.25,8.35,Medium,46.45
26,5,12,18.26,6.26,Hard,36.67
26,5,69,28.52,9.32,Soft,40.07
26,6,5,29.88,8.24,Soft,15.22
26,6,13,18.25,8.06,Medium,24.39
26,6,14,28.76,2.63,Hard,46.72
26,6,68,25.26,7.91,Hard,35.69
26,7,5,16.48,9.14,Hard,21.43
26,7,28,23.37,4.03,Hard,44.34
26,7,44,25.35,7.02,Soft,15.86
26,7,55,27.65,2.26,Soft,46.97
26,8,14,24.15,7.34,Hard,17.34
26,8,18,23.49,7.41,Medium,45.32
26,8,31,16.38,2.28,Soft,33.91
26,8,48,28.71,2.62,Medium,15.46
26,8,66,29.59,7.88,Soft,31.02
26,9,57,20.0,5.79,Soft,5.14
26,9,61,23.71,9.78,Soft,31.98
26,10,26,21.88,2.75,Medium,23.19
26,10,36,18.94,4.68,Hard,40.0
26,10,47,24.51,8.24,Hard,42.51
26,10,67,25.67,2.03,Medium,49.68
26,11,32,17.53,7.44,Hard,27.62
26,11,57,25.89,4.8,Hard,42.97
26,12,24,20.77,8.58,Medium,22.47
26,12,65,24.39,6.06,Medium,14.51
26,13,34,19.93,9.37,Medium,29.53
26,13,45,25.46,4.83,Hard,6.32
26,13,49,28.64,9.49,Hard,23.93
26,13,67,20.94,2.7,Medium,11.23
26,13,69,19.07,5.08,Hard,32.35
26,14,31,17.58,7.72,Medium,36.07
26,14,36,15.62,5.47,Medium,13.27
26,14,49,26.31,3.26,Medium,33.39
26,15,5,22.37,8.86,Soft,28.35
26,15,16,18.55,6.9,Medium,37.15
26,15,47,27.3,9.77,Medium,24.13
26,16,7,20.64,2.12,Soft,10.58
26,16,21,27.34,3.25,Hard,29.69
26,16,44,21.19,4.13,Soft,6.78
26,16,47,28.44,9.34,Medium,39.34
26,16,66,21.82,8.86,Soft,35.14
26,17,27,20.09,5.66,Hard,39.22
26,17,55,21.8,6.29,Hard,45.74
26,18,11,22.01,9.47,Hard,7.92
26,18,41,16.2,4.49,Soft,37.8
26,18,43,15.74,5.53,Soft,36.05
26,18,46,20.03,5.81,Hard,30.69
26,19,22,21.24,8.15,Soft,12.99
26,19,59,28.43,9.93,Soft,6.88
26,20,1,17.46,5.79,Medium,35.54
26,20,47,18.06,9.72,Soft,31.8
27,1,56,17.96,4.69,Soft,5.18
27,2,1,21.39,4.86,Hard,13.61
27,3,22,16.17,6.32,Soft,47.01
27,3,36,20.53,5.4,Hard,32.8
27,3,43,27.51,9.76,Soft,35.32
27,4,9,23.56,9.45,Soft,39.74
27,5,40,24.72,9.0,Soft,27.4
27,6,10,17.85,8.73,Hard,8.86
27,6,20,16.72,5.27,Soft,45.79
27,6,28,19.15,9.11,Hard,45.85
27,6,45,16.16,9.66,Medium,28.32
27,6,64,29.69,4.68,Soft,28.01
27,7,22,26.93,8.08,Hard,18.72
27,7,51,19.95,6.79,Hard,49.07
27,8,61,26.14,4.34,Hard,37.94
27,9,2,17.25,6.03,Hard,41.94
27,9,11,29.61,6.0,Hard,32.97
27,10,11,17.84,7.89,Medium,12.18
27,11,13,23.65,2.91,Medium,15.19
27,12,6,26.85,8.05,Soft,23.43
27,12,43,27.6,8.33,Hard,14.65
27,12,51,18.31,2.01,Soft,42.7
27,12,68,16.92,7.75,Soft,26.08
27,13,51,16.35,7.84,Hard,26.12
27,14,29,20.61,9.76,Soft,10.5
27,15,13,24.99,7.88,Hard,13.09
27,15,59,28.98,9.26,Hard,43.4
27,15,63,20.0,5.24,Medium,14.94
27,16,1,22.02,6.3,Soft,43.8
27,16,41,29.3,4.68,Hard,13.16
27,17,5,19.4,4.63,Soft,13.91
27,17,22,26.32,3.09,Medium,17.79
27,17,36,26.57,7.55,Soft,47.9
27,17,54,21.78,2.91,Medium,46.41
27,17,62,29.9,7.5,Medium,19.04
27,18,11,26.91,4.8,Medium,46.01
27,18,16,25.93,9.46,Hard,38.9
27,18,20,29.55,2.64,Soft,35.56
27,18,22,19.97,3.39,Hard,8.6
27,19,33,24.36,8.81,Soft,38.54
27,19,69,21.24,2.16,Soft,12.56
27,20,7,19.96,3.55,Soft,10.88
27,20,16,15.29,3.71,Soft,13.07
27,20,46,26.63,4.15,Hard,38.56
28,1,22,29.69,8.22,Hard,27.31
28,1,33,20.63,5.7,Hard,17.39
28,1,65,23.67,4.4,Medium,7.73
28,2,9,15.27,4.17,Soft,34.99
28,2,22,19.54,3.55,Soft,45.21
28,3,6,18.6,4.56,Soft,15.17
28,3,23,28.37,2.3,Soft,49.38
28,3,33,22.35,3.85,Hard,33.46
28,3,43,17.35,3.85,Soft,21.06
28,4,29,26.41,2.6,Medium,15.1
28,4,32,25.32,4.61,Medium,25.4
28,4,44,22.34,7.61,Hard,41.4
28,5,12,21.05,3.95,Hard,9.73
28,5,55,17.14,9.99,Soft,45.73
28,6,7,15.43,7.13,Medium,20.37
28,7,40,23.99,9.53,Hard,14.43
28,7,45,21.76,8.04,Soft,37.18
28,7,48,22.91,2.81,Soft,13.12
28,7,49,22.05,6.27,Hard,49.79
28,7,56,18.71,5.79,Soft,24.42
28,8,10,25.71,4.48,Soft,28.48
28,8,20,15.86,9.28,Soft,22.54
28,8,44,18.72,7.36,Medium,42.67
28,9,6,20.72,2.2,Hard,30.33
28,9,19,18.75,5.65,Medium,41.71
28,9,23,22.42,8.81,Hard,8.7
28,9,26,27.84,5.67,Medium,10.06
28,9,29,23.37,4.0,Medium,29.59
28,10,20,15.73,5.02,Soft,23.41
28,10,25,19.49,6.21,Hard,5.59
28,10,59,21.96,8.18,Hard,27.74
28,10,67,29.66,5.12,Medium,24.67
28,11,2,24.91,3.11,Soft,16.58
28,11,22,21.2,2.94,Soft,14.12
28,11,46,21.83,8.83,Soft,28.64
28,11,56,21.28,4.75,Medium,25.35
28,12,26,26.57,2.79,Hard,17.28
28,13,33,25.95,4.6,Hard,43.35
28,13,61,24.39,7.3,Soft,37.09
28,14,21,17.37,2.02,Hard,11.98
28,14,24,29.42,8.32,Hard,28.43
28,14,35,27.07,3.52,Hard,38.12
28,14,46,22.93,4.12,Medium,32.2
28,14,68,23.99,8.34,Soft,37.83
28,15,8,29.17,4.94,Hard,49.31
28,15,23,21.09,5.01,Medium,14.58
28,15,30,26.3,6.03,Soft,8.01
28,15,42,16.77,9.59,Hard,15.81
28,16,6,22.36,6.35,Soft,38.12
28,16,29,21.55,4.66,Medium,36.06
28,16,31,15.35,6.92,Hard,27.45
28,16,67,19.55,2.36,Soft,8.51
28,17,39,18.72,4.31,Soft,49.4
28,17,44,25.05,3.81,Soft,15.25
28,18,17,19.96,3.9,Soft,18.77
28,18,23,15.86,8.76,Soft,11.74
28,18,30,19.0,7.4,Soft,27.23
28,18,31,23.5,5.4,Soft,36.31
28,18,50,26.97,2.53,Soft,44.35
28,19,7,19.68,8.56,Hard,30.33
28,19,20,28.83,7.38,Medium,46.47
28,19,30,28.49,5.47,Hard,13.9
28,19,40,26.51,9.17,Medium,34.55
28,19,56,29.18,7.9,Medium,7.44
28,20,12,26.24,7.1,Medium,33.0
28,20,55,25.57,9.94,Soft,6.01
28,20,64,17.17,8.95,Soft,12.52
29,1,3,18.42,4.7,Medium,38.25
29,1,12,20.06,9.72,Medium,15.16
29,1,16,15.69,7.16,Soft,37.12
29,1,36,18.76,5.98,Soft,35.34
29,1,41,29.76,9.58,Soft,24.74
29,2,20,17.4,2.17,Medium,21.42
29,2,22,28.16,5.15,Medium,33.91
29,2,29,24.93,3.44,Soft,49.48
29,2,33,28.49,2.59,Soft,10.04
29,3,3,26.22,6.14,Medium,15.47
29,3,25,29.11,2.0,Soft,21.84
29,3,35,22.43,3.27,Soft,9.92
29,3,37,19.61,3.06,Soft,49.09
29,3,40,22.78,6.47,Medium,9.66
29,4,18,20.26,2.63,Hard,42.81
29,4,22,26.8,3.04,Hard,11.73
29,5,13,27.81,9.1,Soft,30.88
29,5,24,28.81,8.25,Soft,25.92
29,5,46,18.29,8.01,Hard,37.85
29,5,52,28.18,8.59,Soft,48.3
29,6,27,16.95,4.93,Medium,47.24
29,6,32,27.1,8.61,Medium,47.39
29,6,34,16.76,9.68,Hard,10.33
29,7,4,19.34,6.12,Medium,14.78
29,7,17,28.85,2.13,Soft,19.55
29,7,58,18.61,4.39,Hard,45.51
29,7,69,23.65,5.71,Soft,5.68
29,8,28,15.91,5.5,Soft,9.19
29,8,45,17.59,6.02,Soft,17.55
29,8,57,28.81,4.6,Medium,38.01
29,8,66,15.2,8.07,Hard,19.14
29,9,45,16.45,4.63,Soft,29.75
29,9,65,19.85,7.45,Medium,45.1
29,10,6,25.25,9.03,Hard,12.41
29,10,8,15.06,2.3,Medium,6.54
29,11,7,22.31,7.4,Medium,44.54
29,11,24,21.29,6.63,Hard,32.23
29,11,40,25.16,6.68,Hard,27.5
29,11,50,21.33,6.59,Hard,30.77
29,12,4,15.55,5.4,Hard,39.83
29,12,12,27.58,9.29,Hard,30.97
29,12,23,15.42,4.51,Soft,38.96
29,12,58,17.28,8.67,Hard,13.32
29,13,21,26.86,9.56,Soft,29.51
29,13,38,20.85,2.45,Soft,10.28
29,13,53,27.97,7.28,Hard,23.32
29,13,54,21.72,9.41,Soft,16.71
29,13,65,18.89,6.25,Soft,29.49
29,14,19,18.47,4.76,Soft,45.69
29,14,42,27.61,3.16,Soft,32.4
29,14,57,22.16,9.92,Soft,22.1
29,15,6,17.71,2.73,Medium,10.32
29,15,48,28.4,7.62,Hard,16.63
29,15,62,26.24,6.47,Medium,18.37
29,16,25,22.48,8.95,Soft,29.24
29,16,56,19.99,9.27,Medium,48.16
29,17,46,16.48,2.23,Hard,30.8
29,17,53,22.5,7.16,Medium,12.81
29,18,35,27.72,9.71,Soft,26.99
29,18,40,21.38,5.79,Hard,30.45
29,18,43,27.47,4.9,Soft,12.2
29,18,50,17.24,2.31,Medium,43.42
29,19,6,23.45,3.2,Medium,25.29
29,19,18,27.24,2.93,Medium,25.66
29,20,25,26.85,9.65,Hard,12.78
29,20,28,16.88,3.75,Soft,16.27
29,20,31,19.44,2.91,Soft,6.43
30,1,20,19.54,6.35,Medium,8.17
30,1,21,24.06,5.71,Soft,22.69
30,1,39,18.66,7.82,Medium,26.84
30,1,45,25.86,8.9,Hard,13.06
30,1,65,25.51,8.97,Medium,31.05
30,2,13,20.31,5.22,Medium,37.22
30,2,35,19.56,5.87,Medium,37.06
30,2,55,23.64,7.46,Soft,38.62
30,3,30,22.69,8.54,Medium,13.81
30,3,34,24.46,4.46,Medium,5.66
30,3,42,24.01,2.77,Hard,30.51
30,4,9,16.75,5.83,Medium,43.86
30,4,15,19.38,9.55,Soft,13.19
30,4,31,15.68,3.54,Hard,9.67
30,4,37,19.61,7.33,Medium,41.34
30,5,2,25.56,7.71,Medium,12.59
30,5,36,26.24,5.99,Hard,8.55
30,5,51,23.47,2.23,Medium,49.5
30,6,4,17.2,4.77,Medium,45.62
30,6,11,21.37,5.31,Hard,29.74
30,6,24,19.66,4.55,Medium,18.62
30,7,25,24.5,6.28,Soft,32.09
30,7,66,17.11,6.39,Hard,31.34
30,7,68,18.2,2.32,Medium,43.38
30,8,32,26.44,3.06,Soft,14.72
30,8,41,18.79,6.71,Soft,26.87
30,9,15,17.0,6.04,Medium,26.54
30,9,27,22.01,7.2,Hard,20.53
30,9,45,19.24,3.99,Hard,25.38
30,10,4,22.06,5.21,Soft,44.37
30,10,65,25.02,7.66,Soft,24.19
30,11,66,19.4,9.43,Soft,37.69
30,12,1,27.03,5.33,Soft,13.07
30,12,18,18.37,7.46,Hard,42.39
30,12,21,27.04,3.09,Hard,30.36
30,12,33,28.82,5.84,Soft,14.49
30,12,41,27.43,5.32,Medium,18.74
30,13,30,26.62,8.41,Hard,39.39
30,14,47,20.75,9.91,Soft,12.61
30,14,49,24.81,9.64,Hard,35.05
30,15,8,19.79,4.43,Soft,33.43
30,15,27,23.27,4.79,Medium,10.4
30,15,37,28.57,2.84,Hard,28.5
30,15,39,21.35,2.93,Medium,11.34
30,15,55,20.38,6.57,Medium,42.75
30,16,2,17.73,3.59,Hard,28.02
30,16,5,22.33,2.22,Soft,45.92
30,17,4,27.32,6.63,Soft,5.92
30,17,7,29.17,5.74,Soft,8.83
30,17,11,25.29,9.21,Hard,45.78
30,17,40,26.48,9.51,Hard,41.46
30,17,44,27.31,7.33,Medium,32.96
30,18,27,21.95,8.26,Soft,5.36
30,18,39,17.47,7.97,Soft,23.71
30,18,55,23.39,4.23,Hard,30.86
30,18,60,17.99,9.91,Soft,32.9
30,18,63,24.07,8.92,Hard,9.01
30,19,61,21.72,9.39,Medium,35.65
30,20,43,19.35,7.89,Hard,16.12
30,20,50,17.53,6.86,Hard,44.31
30,20,57,24.87,8.56,Soft,19.61
30,20,59,21.97,4.35,Soft,49.66
31,1,19,16.61,4.29,Medium,27.38
31,1,40,25.25,4.05,Soft,24.26
31,2,3,21.74,8.21,Hard,45.22
31,2,26,19.03,2.23,Soft,42.12
31,2,66,22.43,2.02,Soft,28.31
31,3,35,25.45,2.65,Hard,39.63
31,3,48,29.35,2.93,Medium,25.01
31,3,63,20.49,3.86,Soft,46.01
31,4,4,20.66,4.87,Soft,30.71
31,4,47,16.77,3.09,Hard,48.6
31,5,7,24.48,6.01,Soft,35.56
31,5,37,28.37,9.09,Hard,47.65
31,5,39,22.07,4.11,Hard,30.69
31,5,53,18.89,4.19,Hard,20.36
31,6,13,22.19,8.34,Soft,12.86
31,6,23,20.48,8.21,Soft,8.05
31,6,39,27.77,3.42,Soft,10.68
31,6,59,26.71,6.42,Soft,14.29
31,7,4,23.21,5.63,Soft,46.21
31,7,18,28.5,7.58,Soft,42.66
31,7,26,20.6,2.16,Soft,42.03
31,7,41,29.97,2.39,Medium,16.64
31,7,67,25.49,9.38,Soft,16.66
31,8,3,15.58,9.82,Medium,49.2
31,8,42,19.88,9.07,Medium,26.91
31,8,43,19.84,6.77,Medium,26.49
31,8,58,26.99,7.79,Hard,27.89
31,9,3,23.91,3.31,Medium,26.17
31,9,12,28.03,3.54,Soft,39.98
31,9,23,19.35,9.52,Soft,49.01
31,9,37,19.91,9.98,Soft,44.96
31,10,52,25.38,9.55,Soft,17.79
31,11,51,20.51,9.55,Soft,32.89
31,12,20,24.69,7.19,Soft,40.02
31,13,54,24.42,8.41,Medium,42.77
31,14,17,19.06,5.06,Soft,8.68
31,14,52,17.52,4.3,Medium,35.37
31,14,57,28.26,5.14,Hard,5.39
31,15,4,21.99,7.31,Soft,9.04
31,15,11,17.21,3.88,Soft,10.97
31,15,17,26.95,6.32,Medium,49.53
31,15,23,26.63,3.2,Hard,47.25
31,16,24,18.77,7.9,Medium,21.18
31,16,40,24.2,3.45,Soft,16.99
31,17,7,22.88,7.54,Hard,27.21
31,18,52,20.1,7.41,Soft,22.4
31,19,8,20.11,2.27,Medium,43.05
31,19,12,19.88,3.48,Soft,27.72
31,19,39,20.65,5.47,Medium,8.45
31,19,50,17.34,9.99,Soft,19.22
31,20,4,15.42,7.01,Soft,5.85
31,20,12,20.38,9.24,Soft,48.45
31,20,47,25.46,5.76,Medium,22.84
31,20,48,17.02,6.9,Soft,11.52
31,20,55,22.45,2.97,Soft,12.89
32,1,21,25.07,6.82,Hard,10.15
32,1,54,20.93,5.98,Medium,34.37
32,1,66,23.66,5.45,Hard,13.16
32,2,10,29.59,6.06,Medium,35.25
32,2,32,29.9,4.66,Medium,27.15
32,2,33,27.32,3.49,Medium,7.29
32,3,10,19.07,7.39,Soft,33.5
32,3,23,24.17,7.08,Hard,7.46
32,3,47,22.24,3.82,Medium,28.11
32,3,48,29.52,3.77,Soft,48.81
32,3,60,27.19,8.99,Medium,47.71
32,4,20,24.2,3.62,Soft,23.44
32,4,29,25.51,2.91,Hard,39.27
32,4,54,24.55,9.17,Medium,29.91
32,4,64,19.77,3.17,Hard,45.7
32,5,15,28.62,4.93,Medium,19.48
32,5,34,29.85,7.04,Hard,27.61
32,5,62,16.6,8.16,Hard,46.84
32,5,68,25.71,7.08,Soft,29.43
32,5,69,26.27,3.54,Medium,30.6
32,6,4,29.05,4.03,Hard,9.37
32,7,36,16.5,7.66,Soft,9.62
32,7,64,21.07,7.54,Hard,25.48
32,8,27,27.91,2.94,Medium,22.2
32,8,31,26.36,9.32,Medium,18.99
32,8,43,23.15,2.48,Medium,41.13
32,9,18,26.34,6.83,Soft,17.58
32,9,19,24.33,8.38,Medium,11.95
32,9,41,25.1,8.82,Soft,47.81
32,9,42,18.94,5.85,Soft,35.89
32,9,50,15.29,7.34,Hard,8.71
32,10,16,24.44,3.54,Hard,12.72
32,10,31,27.43,5.51,Medium,22.02
32,10,39,21.63,6.63,Hard,47.69
32,11,11,24.07,7.67,Soft,39.65
32,12,44,15.18,6.5,Soft,28.62
32,12,50,24.08,3.15,Medium,11.96
32,12,51,25.73,7.37,Medium,16.29
32,12,68,27.54,7.54,Soft,49.47
32,13,10,17.03,2.68,Medium,23.8
32,13,22,18.53,6.58,Soft,34.81
32,13,34,20.03,6.03,Hard,27.9
32,14,44,16.29,9.37,Medium,47.06
32,15,6,25.76,3.01,Medium,39.6
32,15,13,17.22,8.68,Hard,31.18
32,15,45,20.46,3.33,Hard,49.93
32,15,63,29.3,9.83,Soft,34.63
32,16,3,24.03,8.98,Medium,32.59
32,16,5,24.12,7.92,Soft,33.55
32,16,43,28.49,6.5,Soft,37.44
32,17,10,28.5,5.34,Medium,38.16
32,17,18,25.19,5.51,Soft,38.83
32,17,40,20.77,9.75,Medium,23.46
32,17,57,22.48,4.98,Medium,12.4
32,18,8,27.32,4.32,Soft,47.82
32,18,21,26.05,7.81,Medium,34.03
32,18,41,19.79,5.14,Medium,40.02
32,18,54,25.46,3.61,Medium,27.12
32,19,10,21.94,4.09,Soft,34.46
32,19,26,26.56,3.46,Medium,29.09
32,19,35,15.89,7.02,Soft,11.1
32,20,2,21.38,9.94,Hard,16.72
32,20,51,25.88,6.02,Medium,14.91
33,1,9,28.8,5.94,Soft,38.89
33,1,51,20.53,2.04,Medium,35.53
33,1,55,15.6,4.67,Hard,38.01
33,2,65,29.8,3.58,Hard,28.47
33,3,59,26.42,2.6,Hard,39.52
33,3,63,23.22,6.71,Soft,46.53
33,4,7,21.18,4.96,Hard,5.11
33,5,23,23.94,7.24,Medium,28.85
33,5,35,20.71,9.67,Soft,5.55
33,5,47,27.54,8.33,Soft,9.89
33,6,15,28.57,9.77,Soft,26.37
33,6,62,19.07,4.21,Hard,7.44
33,7,1,27.08,8.45,Medium,32.29
33,7,3,20.35,9.84,Medium,46.61
33,7,24,16.85,6.18,Medium,27.32
33,7,34,27.54,4.4,Medium,35.98
33,7,57,28.79,2.27,Soft,10.04
33,8,6,23.0,3.03,Soft,35.79
33,8,36,28.24,6.41,Medium,35.31
33,8,40,17.22,5.77,Hard,12.23
33,8,52,22.32,4.3,Hard,10.28
33,8,60,20.98,8.15,Medium,47.24
33,9,20,19.43,8.31,Medium,48.56
33,9,26,26.96,4.07,Soft,38.8
33,9,32,23.26,9.66,Medium,11.49
33,9,47,23.09,2.8,Hard,35.54
33,10,13,17.66,7.47,Medium,45.55
33,10,22,24.87,7.38,Soft,23.9
33,10,29,22.17,6.84,Hard,38.52
33,10,35,25.6,9.54,Medium,42.18
33,11,17,29.45,2.53,Soft,34.13
33,11,23,21.31,2.88,Medium,14.85
33,11,39,28.53,7.96,Soft,38.47
33,11,48,22.49,6.23,Soft,20.46
33,11,67,16.63,2.39,Soft,35.11
33,12,11,19.24,8.13,Hard,17.11
33,12,19,23.01,6.64,Hard,42.33
33,12,26,15.58,9.11,Soft,30.49
33,13,26,22.08,5.11,Soft,21.81
33,13,31,17.21,3.99,Hard,42.66
33,13,63,24.67,4.16,Hard,35.84
33,14,22,18.64,9.64,Medium,13.4
33,14,65,23.33,2.61,Hard,11.69
33,15,45,20.51,3.14,Medium,20.36
33,15,54,27.89,2.92,Hard,13.89
33,16,23,17.49,7.93,Soft,22.75
33,16,44,23.78,5.02,Hard,41.74
33,16,50,24.32,4.53,Soft,45.58
33,16,63,15.63,8.61,Hard,46.06
33,16,65,19.75,7.58,Hard,7.66
33,17,7,19.26,3.71,Medium,14.79
33,17,47,18.05,8.95,Hard,49.13
33,18,21,21.23,8.05,Medium,46.39
33,18,53,15.73,2.48,Soft,9.51
33,18,54,29.69,8.09,Medium,31.85
33,18,60,29.1,7.72,Medium,35.89
33,19,47,16.65,9.32,Soft,17.54
33,20,1,29.65,3.15,Medium,47.55
33,20,10,29.23,2.92,Hard,34.95
33,20,28,27.67,9.89,Soft,35.57
33,20,38,20.45,9.54,Hard,45.5
34,1,58,27.36,5.93,Medium,33.37
34,2,1,15.06,8.57,Soft,7.62
34,2,52,20.88,3.28,Soft,49.62
34,2,59,27.08,8.29,Medium,20.66
34,2,65,24.61,5.59,Soft,46.98
34,3,29,19.04,3.97,Medium,10.7
34,3,44,20.57,6.64,Soft,12.77
34,3,56,22.95,8.58,Soft,26.6
34,3,68,27.38,9.11,Soft,37.79
34,4,7,22.17,8.36,Soft,39.53
34,4,11,23.9,6.86,Soft,8.19
34,4,41,16.6,7.56,Hard,24.1
34,4,49,21.89,7.57,Medium,24.57
34,4,55,16.11,9.12,Hard,46.17
34,5,9,19.87,8.08,Hard,18.44
34,5,19,18.73,2.77,Soft,14.48
34,5,67,29.17,6.76,Hard,11.78
34,6,15,19.44,9.83,Soft,32.1
34,6,21,21.37,8.91,Medium,22.81
34,6,30,25.75,3.04,Hard,31.19
34,6,37,28.08,5.95,Soft,16.59
34,6,40,25.24,2.33,Soft,16.04
34,7,31,23.35,6.87,Hard,40.09
34,7,55,26.35,4.49,Hard,18.02
34,7,63,27.33,7.58,Hard,15.09
34,7,68,27.04,8.53,Medium,25.78
34,7,69,22.44,9.2,Medium,45.82
34,8,24,28.26,4.23,Soft,46.83
34,9,33,22.48,3.33,Medium,7.15
34,9,38,15.7,9.55,Hard,12.85
34,9,43,29.44,9.14,Hard,19.55
34,10,33,25.93,3.26,Hard,26.87
34,10,38,23.95,9.16,Hard,40.87
34,10,42,27.37,6.57,Medium,37.12
34,10,46,27.98,3.94,Soft,30.97
34,11,13,22.46,5.13,Soft,47.39
34,11,20,22.77,9.56,Hard,18.63
34,11,55,25.14,6.11,Hard,36.46
34,12,44,19.3,5.58,Hard,30.8
34,12,48,28.94,7.98,Soft,6.54
34,12,52,22.31,5.86,Soft,45.38
34,12,60,19.36,9.04,Hard,16.39
34,12,66,15.8,7.6,Hard,18.87
34,13,23,20.08,8.58,Soft,38.49
34,13,43,16.76,7.31,Medium,45.92
34,13,52,15.99,3.93,Soft,28.23
34,13,64,16.97,9.41,Medium,27.5
34,14,7,22.8,5.6,Medium,15.36
34,14,11,16.23,7.13,Soft,27.54
34,14,35,19.0,4.51,Medium,23.9
34,14,51,26.39,2.35,Soft,47.08
34,15,19,21.66,8.84,Medium,40.99
34,15,26,27.36,3.36,Hard,19.45
34,15,30,17.51,9.15,Soft,16.97
34,15,58,15.26,7.59,Soft,36.39
34,16,30,16.34,2.46,Soft,5.02
34,16,35,20.82,2.74,Hard,14.75
34,17,26,21.49,5.51,Medium,34.43
34,17,30,26.95,8.13,Medium,45.34
34,18,1,20.4,5.24,Soft,43.56
34,18,3,17.39,5.07,Hard,37.92
34,18,7,29.35,6.64,Hard,46.07
34,18,16,15.97,6.29,Medium,40.75
34,18,62,28.41,2.63,Medium,47.64
34,19,17,22.55,2.75,Medium,7.76
34,19,35,28.25,3.83,Medium,36.88
34,19,43,23.28,7.21,Medium,20.51
34,19,48,26.82,9.43,Hard,38.28
34,19,60,21.17,8.15,Medium,39.9
34,20,29,25.48,5.25,Hard,18.49
34,20,36,21.1,2.15,Soft,36.06
34,20,40,22.35,5.79,Hard,6.05
34,20,46,24.63,6.85,Hard,39.34
34,20,66,21.19,4.84,Soft,44.36
35,1,28,20.66,3.41,Hard,31.76
35,1,64,22.57,4.5,Soft,22.31
35,2,7,26.04,2.63,Soft,48.46
35,2,15,23.95,7.32,Hard,13.97
35,2,40,19.2,7.32,Hard,17.76
35,3,5,17.4,5.52,Medium,28.12
35,3,23,29.76,5.75,Medium,36.48
35,3,31,25.8,2.22,Hard,19.15
35,3,61,21.87,3.84,Soft,21.44
35,4,11,21.75,8.77,Hard,34.32
35,4,25,25.45,7.92,Medium,6.74
35,4,34,23.62,9.55,Hard,45.07
35,5,47,26.18,9.12,Soft,14.15
35,5,67,28.85,7.09,Soft,18.72
35,6,17,23.38,2.92,Medium,21.27
35,6,26,25.58,4.06,Medium,30.95
35,6,57,15.42,4.92,Soft,7.96
35,7,15,20.29,9.88,Medium,48.89
35,7,28,28.46,4.62,Medium,26.55
35,7,40,28.8,8.38,Medium,42.44
35,8,51,18.55,9.48,Hard,49.57
35,8,61,22.57,7.54,Soft,38.39
35,9,29,18.46,5.89,Hard,37.45
35,10,26,24.81,4.18,Soft,43.83
35,11,36,16.49,5.07,Medium,22.81
35,11,42,20.58,5.12,Hard,12.18
35,11,43,20.5,2.32,Medium,35.95
35,11,44,16.5,8.01,Medium,42.56
35,11,64,17.82,2.98,Medium,20.49
35,12,26,15.98,3.03,Soft,27.73
35,12,39,25.72,4.28,Medium,18.85
35,13,30,21.91,7.48,Medium,14.86
35,14,29,29.18,9.89,Soft,27.18
35,14,57,22.74,9.94,Hard,16.73
35,14,61,16.21,6.65,Hard,9.13
35,15,17,22.45,7.84,Hard,11.87
35,15,39,18.93,8.73,Soft,38.99
35,15,55,24.2,5.74,Medium,40.01
35,15,57,29.99,9.63,Soft,49.77
35,15,62,21.78,6.93,Hard,34.95
35,16,58,18.72,6.48,Soft,26.44
35,17,14,20.74,4.48,Medium,41.18
35,17,42,20.64,9.35,Hard,36.58
35,18,46,15.74,4.85,Medium,43.77
35,19,16,16.7,3.2,Medium,36.9
35,19,19,27.85,2.28,Soft,11.03
35,19,69,28.53,3.28,Hard,34.49
35,20,13,16.4,6.39,Medium,36.45
35,20,68,17.2,2.65,Soft,39.2
36,1,29,21.15,2.51,Soft,31.32
36,2,15,25.09,6.15,Soft,35.4
36,2,45,17.07,6.74,Soft,41.09
36,2,60,26.32,6.85,Soft,28.72
36,3,10,29.36,2.76,Medium,35.48
36,3,20,15.34,2.44,Soft,45.71
36,3,43,16.47,8.43,Hard,11.45
36,3,48,26.85,2.77,Medium,38.48
36,4,4,29.91,3.96,Medium,19.51
36,4,17,26.08,3.64,Hard,10.78
36,4,18,25.2,8.94,Medium,5.18
36,4,26,29.36,3.05,Medium,43.46
36,4,53,23.05,9.36,Hard,8.37
36,5,10,19.97,2.45,Soft,23.36
36,5,19,18.2,9.79,Hard,36.17
36,5,34,26.84,4.1,Hard,14.25
36,5,66,26.11,6.51,Medium,27.69
36,6,13,23.11,8.35,Hard,45.28
36,7,52,26.22,2.34,Hard,10.97
36,8,35,22.34,8.44,Soft,32.47
36,8,69,17.46,3.32,Medium,27.7
36,9,4,28.24,5.07,Medium,44.28
36,9,41,26.15,7.96,Hard,46.95
36,9,51,19.2,6.14,Medium,7.52
36,10,13,29.36,2.45,Soft,17.28
36,10,47,27.88,5.98,Medium,28.87
36,10,48,16.25,7.31,Soft,44.06
36,10,60,29.85,2.11,Medium,13.1
36,11,6,20.58,6.08,Medium,15.43
36,11,8,15.11,2.01,Soft,43.67
36,11,12,24.64,7.04,Soft,7.61
36,12,4,26.26,6.14,Hard,42.15
36,12,10,19.65,9.05,Medium,39.88
36,12,48,19.32,7.6,Medium,17.88
36,12,65,22.55,7.68,Soft,20.41
36,13,23,28.35,8.38,Medium,7.96
36,13,54,24.86,2.91,Soft,8.37
36,13,55,22.88,5.61,Soft,14.77
36,13,58,25.71,4.08,Soft,40.94
36,14,13,19.98,5.88,Soft,26.07
36,14,29,27.36,6.73,Hard,34.4
36,14,32,27.38,3.55,Soft,40.58
36,15,4,25.67,9.51,Medium,6.37
36,15,33,26.73,3.25,Soft,6.82
36,15,40,25.28,5.69,Hard,29.8
36,15,45,29.48,7.73,Medium,22.67
36,15,47,24.0,3.54,Medium,11.68
36,16,12,18.19,8.09,Hard,20.26
36,16,24,22.39,5.1,Soft,48.58
36,17,8,19.03,2.43,Soft,32.09
36,17,9,27.18,3.73,Soft,22.67
36,17,29,25.99,2.48,Medium,46.23
36,18,7,17.61,4.11,Soft,28.16
36,18,19,28.49,7.07,Hard,26.55
36,18,49,27.78,4.33,Medium,40.19
36,18,64,18.25,3.15,Soft,41.97
36,19,10,17.79,3.68,Hard,34.29
36,19,22,18.12,2.15,Soft,36.62
36,19,45,16.4,9.74,Hard,21.44
36,20,45,28.78,3.38,Medium,24.67
37,1,38,26.54,6.87,Hard,15.83
37,2,15,21.71,7.75,Hard,21.23
37,2,23,24.3,7.7,Hard,9.41
37,3,22,21.77,8.61,Hard,45.57
37,3,27,22.98,9.03,Soft,47.24
37,3,35,28.77,4.7,Soft,32.08
37,3,40,24.2,7.58,Medium,45.92
37,4,4,22.57,2.04,Medium,46.62
37,4,11,27.97,2.64,Soft,38.57
37,4,24,24.83,3.64,Hard,42.06
37,5,46,24.82,9.67,Medium,40.45
37,6,25,20.03,5.15,Soft,33.01
37,6,58,22.44,5.28,Soft,6.84
37,7,3,29.86,7.62,Medium,28.22
37,7,12,22.96,7.78,Hard,48.08
37,7,21,27.83,9.18,Medium,45.21
37,8,23,21.38,5.8,Medium,25.33
37,8,45,24.62,9.72,Soft,43.76
37,8,55,29.81,3.95,Soft,19.19
37,8,69,25.22,9.92,Hard,35.62
37,9,4,21.99,3.83,Medium,32.74
37,9,30,17.46,2.4,Medium,48.64
37,9,35,28.99,7.12,Hard,42.0
37,9,49,20.44,6.54,Soft,26.05
37,9,66,18.11,6.9,Hard,28.28
37,10,10,26.37,2.75,Hard,33.48
37,10,23,29.43,6.15,Medium,25.63
37,10,26,17.11,2.98,Medium,27.21
37,10,27,20.7,8.66,Hard,12.55
37,10,51,15.44,6.15,Medium,38.68
37,11,3,20.42,7.36,Hard,13.56
37,11,18,26.29,3.95,Medium,8.58
37,11,22,16.97,8.67,Soft,21.12
37,11,66,15.62,7.0,Soft,9.09
37,12,37,15.66,3.61,Medium,49.48
37,13,3,23.44,3.93,Hard,16.45
37,13,10,20.48,6.51,Hard,28.92
37,13,21,17.33,8.62,Soft,17.38
37,13,38,17.94,9.2,Hard,10.82
37,13,66,29.17,4.0,Hard,22.35
37,14,8,25.35,5.96,Hard,32.11
37,14,42,26.45,2.34,Medium,5.41
37,14,53,29.87,5.57,Soft,20.49
37,14,68,24.03,5.92,Hard,18.53
37,15,28,22.79,6.76,Hard,15.16
37,16,12,24.4,4.5,Medium,6.69
37,16,29,17.45,3.01,Medium,26.42
37,16,38,26.86,7.07,Soft,26.05
37,17,1,21.49,2.72,Hard,13.85
37,17,18,27.9,5.37,Medium,33.04
37,17,33,24.08,2.31,Medium,42.42
37,17,58,27.1,4.08,Medium,29.0
37,18,52,24.13,8.68,Soft,22.61
37,18,67,20.59,3.7,Medium,24.99
37,19,1,23.21,7.69,Soft,30.17
37,19,5,23.88,2.14,Soft,35.46
37,19,30,16.85,5.16,Hard,25.86
37,19,41,28.24,2.76,Hard,25.93
37,20,6,22.0,2.19,Soft,17.49
37,20,22,26.86,4.45,Soft,14.33
37,20,33,20.96,4.03,Medium,24.04
37,20,44,29.66,7.25,Medium,23.59
38,1,6,18.77,9.67,Soft,36.3
38,2,22,27.49,5.73,Hard,45.36
38,2,65,15.46,9.77,Soft,18.93
38,3,25,26.37,6.65,Soft,44.67
38,3,43,29.49,9.52,Medium,35.35
38,3,50,20.25,9.18,Medium,9.7
38,3,56,28.11,2.18,Soft,44.94
38,3,60,22.58,4.14,Soft,10.87
38,4,37,26.89,8.66,Medium,37.62
38,4,45,19.55,6.1,Soft,35.3
38,4,47,27.78,3.6,Soft,35.14
38,4,56,15.03,7.48,Soft,15.11
38,4,58,20.28,9.75,Soft,19.42
38,5,5,21.18,5.76,Soft,5.69
38,5,60,21.89,3.79,Medium,46.05
38,6,28,22.3,3.64,Soft,46.82
38,6,54,26.54,4.72,Hard,21.98
38,7,2,28.12,2.32,Hard,7.85
38,7,39,18.66,2.87,Soft,35.34
38,8,11,15.44,4.0,Hard,42.93
38,8,16,28.95,5.23,Hard,8.19
38,8,34,22.81,8.33,Soft,8.53
38,8,41,29.76,3.58,Hard,48.7
38,8,59,28.96,7.48,Soft,33.91
38,9,68,26.21,4.05,Hard,39.49
38,10,15,21.01,6.61,Hard,24.34
38,10,21,21.86,6.04,Medium,12.51
38,10,32,16.24,5.45,Hard,10.62
38,11,56,27.94,8.29,Hard,5.62
38,11,65,24.05,5.53,Soft,32.89
38,12,8,27.1,7.22,Medium,12.01
38,12,52,27.72,4.76,Medium,26.9
38,13,9,26.1,4.01,Hard,10.77
38,13,48,19.83,8.65,Medium,46.12
38,13,56,28.92,2.7,Soft,44.89
38,14,6,26.71,6.86,Hard,7.73
38,14,14,17.95,2.48,Hard,14.88
38,14,23,15.57,4.01,Soft,9.53
38,14,63,16.49,7.66,Hard,24.33
38,14,67,19.25,4.41,Hard,12.97
38,15,8,25.91,2.02,Medium,29.32
38,15,36,20.44,9.93,Soft,38.65
38,15,41,28.4,6.54,Medium,47.97
38,15,49,18.4,4.55,Hard,24.79
38,15,69,20.81,4.25,Soft,46.66
38,16,31,26.43,2.9,Medium,49.48
38,17,39,21.2,5.77,Hard,42.23
38,17,49,23.86,5.15,Hard,48.99
38,18,3,23.76,6.06,Hard,12.36
38,18,4,25.92,2.86,Soft,19.92
38,18,11,20.91,7.15,Soft,18.08
38,18,56,29.24,8.69,Hard,20.5
38,18,68,15.73,6.76,Soft,33.36
38,19,1,28.16,2.85,Medium,19.28
38,19,26,16.87,6.09,Soft,24.05
38,19,37,18.27,7.24,Hard,17.08
38,19,54,23.96,4.79,Hard,27.23
38,20,3,17.55,2.64,Soft,47.86
38,20,21,24.61,8.55,Medium,26.97
38,20,41,27.24,4.28,Hard,31.78
38,20,66,22.57,3.74,Hard,19.34
39,1,8,22.54,2.21,Soft,45.51
39,1,62,19.1,5.75,Medium,45.08
39,2,50,27.58,9.09,Medium,11.86
39,3,27,29.22,9.24,Medium,30.32
39,3,32,27.4,8.37,Soft,18.34
39,3,37,21.41,2.01,Soft,7.23
39,3,58,15.79,5.7,Soft,31.5
39,3,65,26.17,2.67,Soft,17.08
39,4,8,18.91,2.73,Hard,25.33
39,4,14,17.81,2.18,Medium,48.91
39,4,20,26.24,7.48,Medium,49.96
39,4,69,18.46,3.24,Hard,46.69
39,5,3,20.68,3.94,Medium,15.62
39,5,16,29.8,8.15,Medium,37.59
39,5,32,28.53,7.79,Soft,26.15
39,6,6,26.15,6.02,Soft,21.44
39,6,34,21.97,3.72,Soft,48.87
39,6,36,27.37,8.01,Hard,48.84
39,6,51,24.91,2.6,Soft,20.14
39,6,58,19.62,9.6,Medium,8.8
39,7,10,25.78,9.9,Hard,22.61
39,7,15,17.34,5.54,Soft,36.46
39,7,33,22.37,8.04,Hard,37.1
39,7,66,28.34,3.32,Hard,15.78
39,8,49,23.68,3.72,Soft,18.05
39,9,2,17.88,9.32,Soft,31.09
39,9,20,16.81,7.67,Medium,6.29
39,9,28,19.66,2.08,Hard,18.99
39,9,52,23.82,7.99,Medium,19.97
39,9,60,19.85,9.95,Medium,5.18
39,10,16,26.5,8.08,Medium,11.56
39,10,17,15.48,2.23,Soft,28.26
39,10,30,21.7,2.51,Soft,38.69
39,10,61,20.17,4.29,Soft,44.44
39,11,1,21.16,7.04,Medium,39.55
39,11,14,18.05,2.79,Medium,33.75
39,11,22,21.38,6.85,Soft,29.3
39,12,5,24.26,7.82,Soft,21.64
39,12,22,29.25,9.78,Hard,16.92
39,12,48,19.12,6.85,Soft,34.05
39,12,49,20.03,6.36,Soft,15.75
39,12,56,19.98,2.35,Hard,41.5
39,13,12,29.46,7.01,Soft,18.16
39,13,61,18.28,2.12,Hard,49.1
39,14,14,24.37,3.67,Medium,34.15
39,14,19,24.76,5.21,Medium,25.84
39,14,28,26.46,7.98,Medium,21.21
39,14,44,21.87,2.57,Soft,46.0
39,14,64,22.32,6.02,Medium,28.36
39,15,13,17.39,7.35,Medium,26.67
39,15,24,29.97,6.81,Soft,43.73
39,15,52,27.05,6.87,Medium,47.95
39,16,2,25.63,2.96,Soft,45.44
39,16,12,17.96,7.48,Medium,34.15
39,16,21,24.66,8.53,Hard,42.0
39,17,42,23.11,8.75,Hard,49.86
39,17,68,17.47,4.96,Hard,21.02
39,17,69,24.64,6.91,Soft,41.2
39,18,17,15.53,5.46,Soft,48.36
39,18,23,29.1,7.43,Medium,41.45
39,18,40,16.6,3.8,Medium,23.46
39,18,63,18.33,5.48,Hard,42.33
39,19,9,17.98,8.83,Hard,34.59
39,20,32,22.76,2.05,Hard,42.06
39,20,49,16.49,3.24,Hard,21.43
39,20,63,27.38,6.17,Soft,21.72
40,1,19,18.77,3.0,Soft,29.81
40,1,38,26.48,3.77,Medium,40.36
40,2,2,28.06,7.9,Medium,33.54
40,2,24,27.26,3.31,Medium,19.45
40,2,54,28.08,8.27,Medium,15.38
40,2,55,28.63,3.62,Soft,11.28
40,2,60,15.25,7.11,Hard,19.24
40,3,21,17.26,2.34,Medium,47.59
40,3,32,16.12,9.91,Hard,35.02
40,3,46,18.8,8.74,Medium,34.86
40,4,13,15.38,7.63,Hard,47.68
40,4,15,20.62,8.84,Soft,40.37
40,4,20,15.71,9.03,Soft,48.57
40,4,33,29.0,3.47,Soft,32.85
40,4,43,24.33,8.9,Medium,24.21
40,5,2,29.47,9.11,Medium,7.73
40,5,19,18.2,4.85,Hard,42.13
40,5,28,21.78,9.98,Hard,6.01
40,5,42,18.91,5.35,Hard,40.56
40,5,46,17.52,5.11,Medium,17.55
40,6,21,26.35,3.39,Soft,33.14
40,6,54,18.36,4.51,Soft,12.73
40,7,12,16.69,3.15,Medium,24.12
40,7,20,16.57,5.34,Hard,28.67
40,7,51,24.06,2.25,Medium,7.5
40,7,69,23.52,6.09,Medium,44.6
40,8,18,26.4,2.44,Medium,41.8
40,8,25,25.36,8.17,Hard,44.07
40,8,32,29.43,8.53,Medium,28.57
40,8,53,24.51,8.98,Soft,34.03
40,9,3,17.89,9.58,Medium,31.3
40,9,60,26.35,7.17,Medium,30.79
40,9,63,24.14,4.3,Medium,32.53
40,10,19,28.94,9.02,Hard,27.66
40,10,23,27.3,5.57,Medium,6.22
40,10,62,23.58,8.36,Medium,22.25
40,11,9,16.94,7.72,Hard,28.61
40,11,33,18.52,8.64,Hard,44.16
40,12,2,27.95,9.29,Hard,42.46
40,12,39,15.32,3.32,Soft,5.95
40,13,1,22.09,7.93,Hard,6.27
40,13,42,16.18,6.22,Soft,18.98
40,13,60,17.16,3.19,Medium,5.98
40,14,26,16.96,3.12,Soft,31.55
40,14,39,18.8,8.04,Medium,7.52
40,14,57,15.26,9.66,Hard,5.21
40,14,67,18.08,2.09,Hard,30.89
40,14,68,18.84,7.2,Hard,9.47
40,15,44,27.15,8.82,Soft,32.72
40,16,13,28.92,6.04,Soft,30.05
40,16,14,18.92,2.49,Medium,14.83
40,16,22,27.36,3.97,Medium,38.14
40,16,44,19.25,9.2,Hard,10.28
40,16,50,26.7,9.9,Hard,40.45
40,17,57,24.17,7.5,Hard,19.18
40,18,36,17.68,6.92,Medium,8.13
40,18,68,18.61,2.09,Hard,9.47
40,19,60,25.88,5.78,Soft,19.06
40,19,68,28.5,2.68,Soft,41.07
40,20,6,22.88,5.93,Hard,36.0
40,20,8,17.44,6.94,Hard,8.54
40,20,12,21.11,3.88,Medium,33.49
40,20,51,25.73,4.54,Medium,29.59
40,20,69,23.74,8.11,Soft,30.35
41,1,14,24.68,6.2,Hard,39.22
41,1,34,21.96,9.11,Hard,12.98
41,1,37,26.83,5.2,Medium,25.47
41,1,50,22.83,5.6,Hard,30.7
41,2,22,17.74,9.82,Medium,13.45
41,2,37,24.97,6.54,Medium,48.58
41,2,62,18.42,2.22,Hard,8.58
41,2,68,27.52,6.16,Hard,31.2
41,3,9,23.92,4.27,Soft,43.71
41,4,15,21.95,3.88,Hard,20.4
41,4,21,25.54,3.72,Soft,10.35
41,4,26,15.95,2.75,Hard,9.34
41,4,44,25.51,7.43,Soft,39.29
41,4,49,16.06,7.58,Hard,5.95
41,5,30,25.86,3.11,Hard,23.25
41,6,20,15.12,4.88,Medium,27.74
41,6,34,16.06,7.31,Hard,8.06
41,6,42,24.82,5.1,Medium,6.98
41,6,47,21.28,7.79,Medium,27.23
41,7,24,27.26,3.27,Medium,20.11
41,7,48,18.9,4.39,Medium,40.5
41,7,58,15.46,4.84,Medium,35.44
41,8,12,22.9,8.9,Soft,33.55
41,8,38,18.01,4.95,Soft,26.05
41,8,53,19.35,9.21,Medium,34.0
41,8,57,21.37,6.05,Hard,36.71
41,8,66,19.12,7.67,Medium,36.2
41,9,28,20.03,9.8,Hard,34.0
41,9,37,20.27,7.36,Medium,29.32
41,10,32,28.34,7.39,Medium,38.75
41,10,49,29.88,4.98,Soft,10.17
41,10,50,17.05,2.94,Hard,42.63
41,10,56,29.38,6.76,Hard,24.75
41,11,8,28.55,3.07,Soft,39.08
41,11,67,21.91,6.99,Soft,45.22
41,12,9,19.11,5.1,Soft,16.01
41,12,22,16.28,6.52,Soft,25.35
41,13,11,18.21,3.66,Hard,32.33
41,13,25,24.66,8.88,Soft,43.82
41,13,48,25.28,4.41,Medium,31.95
41,14,6,15.33,4.12,Hard,25.56
41,14,12,20.78,6.94,Medium,31.34
41,14,55,25.42,7.02,Soft,9.01
41,14,69,29.06,7.04,Hard,19.53
41,15,2,26.25,4.86,Soft,5.39
41,15,51,28.07,9.92,Soft,34.19
41,16,23,28.43,9.54,Medium,20.63
41,16,51,16.5,6.26,Medium,38.77
41,16,57,17.62,9.04,Hard,37.95
41,16,59,20.45,7.64,Soft,7.94
41,17,7,26.97,6.78,Hard,15.77
41,17,9,21.22,3.6,Hard,5.97
41,17,67,16.23,5.57,Hard,37.77
41,18,8,29.68,6.2,Medium,25.54
41,18,13,16.51,8.19,Soft,17.28
41,18,21,27.92,3.0,Hard,30.79
41,18,35,19.57,6.94,Medium,15.55
41,18,41,23.23,9.32,Soft,46.82
41,19,18,27.09,8.57,Soft,25.66
41,20,66,25.69,3.08,Medium,45.59
42,1,3,18.82,5.42,Medium,30.36
42,2,16,23.95,4.96,Soft,19.31
42,2,27,29.4,6.67,Hard,44.66
42,2,35,18.52,4.11,Soft,42.05
42,2,58,25.98,5.38,Soft,41.95
42,2,62,15.81,3.45,Soft,12.76
42,3,25,24.13,4.75,Hard,20.43
42,3,51,15.56,3.84,Medium,10.75
42,3,59,21.2,8.32,Soft,8.44
42,3,64,18.04,9.66,Hard,24.81
42,3,68,27.66,9.68,Medium,36.91
42,4,31,25.8,8.36,Medium,45.73
42,4,61,20.82,7.26,Soft,36.7
42,5,19,17.79,4.59,Medium,14.48
42,5,23,21.67,2.37,Soft,32.63
42,5,39,17.32,7.1,Medium,18.2
42,5,45,18.54,9.85,Hard,12.57
42,5,54,24.66,3.33,Hard,20.59
42,6,10,22.46,5.34,Soft,6.57
42,6,18,22.51,9.65,Medium,29.12
42,6,43,22.78,4.47,Medium,17.31
42,7,2,20.27,4.04,Medium,42.06
42,7,14,20.54,7.3,Hard,17.3
42,7,66,25.79,4.78,Hard,15.84
42,8,2,18.89,8.34,Soft,21.42
42,8,20,15.11,8.43,Medium,42.67
42,8,28,22.34,8.83,Hard,6.16
42,8,47,19.08,6.46,Medium,16.32
42,8,60,24.85,4.4,Medium,44.42
42,9,18,17.08,7.88,Hard,47.12
42,9,50,22.17,8.32,Soft,26.05
42,10,5,22.25,7.78,Medium,21.58
42,10,18,22.34,5.23,Hard,23.52
42,10,32,24.02,4.24,Soft,22.63
42,10,68,17.75,2.41,Hard,30.42
42,10,69,19.57,9.26,Hard,47.21
42,11,37,26.76,4.07,Hard,45.51
42,12,39,22.36,2.71,Soft,33.34
42,12,42,20.06,5.76,Soft,46.93
42,12,46,15.6,6.09,Hard,35.43
42,12,50,24.62,9.32,Hard,12.0
42,12,58,27.02,7.88,Hard,43.95
42,13,67,28.25,4.7,Hard,49.23
42,14,9,16.71,8.19,Soft,23.3
42,14,23,17.75,7.51,Medium,31.99
42,14,24,15.92,4.16,Hard,16.3
42,14,26,18.98,3.3,Soft,17.14
42,14,34,19.5,6.98,Soft,32.63
42,15,10,20.94,4.63,Medium,6.54
42,15,24,19.4,3.37,Hard,49.69
42,15,51,17.85,3.81,Soft,28.47
42,15,65,29.45,8.13,Soft,14.29
42,15,67,23.09,4.62,Soft,30.68
42,16,11,27.21,5.56,Soft,6.39
42,16,45,26.68,9.36,Soft,7.16
42,16,56,27.88,9.08,Medium,25.24
42,17,14,24.52,3.84,Medium,7.27
42,17,19,21.68,8.51,Hard,15.48
42,17,52,29.7,2.18,Hard,23.01
42,18,3,16.13,3.25,Hard,35.69
42,18,34,23.34,3.04,Medium,5.13
42,18,66,28.43,7.22,Hard,42.13
42,18,67,25.14,8.72,Soft,31.14
42,19,4,16.77,2.38,Hard,31.59
42,19,30,28.17,2.58,Soft,13.1
42,19,51,23.47,5.62,Hard,16.25
42,19,58,25.37,3.94,Medium,26.0
42,19,61,24.74,6.59,Medium,28.81
42,20,11,27.8,3.67,Medium,40.65
42,20,48,21.37,7.73,Soft,9.36
42,20,64,15.35,8.0,Hard,38.12
42,20,68,23.96,3.76,Soft,43.69
43,1,2,27.85,5.57,Soft,29.87
43,1,3,29.43,5.4,Soft,40.95
43,1,8,27.09,8.87,Hard,49.1
43,1,28,19.37,2.91,Medium,5.16
43,2,4,26.83,7.89,Soft,29.2
43,2,16,23.57,3.99,Medium,47.35
43,2,22,28.98,9.53,Soft,38.16
43,2,40,16.48,7.12,Medium,18.24
43,2,65,25.6,7.18,Soft,41.44
43,3,9,28.53,4.42,Medium,22.48
43,3,16,23.41,5.79,Hard,28.74
43,3,19,25.8,4.87,Soft,32.2
43,3,64,18.23,4.64,Hard,41.04
43,4,7,25.62,7.02,Soft,45.82
43,4,63,20.32,8.31,Soft,35.53
43,5,8,23.83,7.44,Medium,32.78
43,5,11,17.98,3.21,Hard,11.12
43,5,16,28.65,5.42,Hard,31.26
43,5,24,26.14,8.2,Hard,25.45
43,6,12,16.38,9.28,Medium,35.57
43,6,58,24.83,6.57,Soft,36.76
43,7,49,23.15,5.79,Soft,18.85
43,7,50,26.23,4.81,Soft,21.2
43,7,59,23.32,5.33,Hard,34.67
43,8,1,20.06,4.06,Medium,40.6
43,8,2,22.9,4.75,Medium,11.66
43,8,29,16.33,5.67,Soft,22.11
43,8,59,21.05,4.17,Hard,47.5
43,8,67,17.54,7.08,Soft,34.8
43,9,69,26.68,7.88,Hard,22.35
43,10,1,15.47,7.92,Medium,31.74
43,10,15,16.19,9.18,Medium,21.49
43,10,18,28.4,3.57,Hard,18.48
43,10,40,15.63,8.9,Soft,19.7
43,10,52,15.24,7.57,Medium,14.85
43,11,2,22.05,5.09,Soft,18.72
43,11,3,15.93,7.28,Medium,45.11
43,11,11,19.17,2.73,Medium,12.7
43,11,20,29.0,2.51,Medium,49.47
43,12,32,21.11,6.13,Medium,11.6
43,12,50,22.79,9.86,Soft,32.37
43,13,15,20.58,3.64,Soft,20.2
43,13,20,26.16,8.53,Soft,41.47
43,13,22,21.97,4.65,Soft,44.51
43,13,25,18.19,2.06,Soft,46.32
43,13,69,28.14,3.89,Medium,45.74
43,14,18,18.63,9.35,Hard,44.72
43,14,26,20.13,9.79,Hard,49.14
43,14,35,29.0,6.41,Soft,39.28
43,14,48,29.8,9.85,Soft,45.4
43,15,21,27.27,3.88,Hard,8.41
43,15,23,18.62,5.2,Hard,41.55
43,15,35,18.49,5.91,Medium,13.68
43,15,43,16.65,7.91,Hard,13.76
43,15,46,20.23,7.26,Soft,23.71
43,16,20,23.24,8.77,Medium,43.1
43,16,40,16.88,6.49,Hard,17.95
43,16,57,23.99,6.8,Medium,33.43
43,16,63,24.76,8.73,Soft,23.25
43,17,17,27.51,2.52,Hard,40.13
43,17,27,16.2,5.22,Soft,14.45
43,17,66,19.97,9.49,Medium,18.04
43,18,24,25.71,8.1,Medium,21.26
43,18,36,21.13,7.56,Soft,17.71
43,18,53,24.04,8.72,Medium,48.16
43,18,56,18.97,3.86,Hard,45.0
43,18,62,30.0,2.28,Hard,16.59
43,19,28,28.91,7.22,Medium,6.64
43,20,8,24.78,7.22,Soft,34.77
43,20,20,18.48,6.93,Medium,10.76
43,20,25,25.0,4.04,Hard,18.56
43,20,40,15.62,7.37,Soft,40.86
43,20,55,24.8,7.14,Hard,36.77
44,1,45,27.1,2.36,Soft,44.02
44,1,67,24.45,2.91,Soft,32.73
44,2,58,20.27,3.19,Hard,20.02
44,3,20,19.83,3.03,Hard,35.57
44,3,59,27.32,2.52,Medium,41.88
44,3,66,25.62,8.03,Soft,36.29
44,4,20,20.28,5.59,Medium,45.94
44,4,22,23.01,5.59,Soft,44.48
44,4,43,28.5,2.77,Hard,47.42
44,4,50,23.91,3.05,Hard,47.45
44,4,58,28.21,3.08,Hard,9.41
44,5,31,25.49,9.09,Soft,33.22
44,5,32,19.36,8.39,Soft,43.26
44,5,60,22.27,2.35,Hard,36.49
44,6,4,22.27,5.36,Soft,46.84
44,6,27,23.04,5.25,Soft,28.35
44,7,46,27.37,3.95,Soft,43.34
44,7,67,20.38,2.07,Medium,23.36
44,8,14,17.58,9.29,Hard,42.53
44,8,22,15.23,8.43,Hard,42.06
44,8,49,16.56,5.93,Hard,8.26
44,8,62,19.36,5.58,Medium,19.95
44,9,22,17.35,8.04,Medium,11.7
44,10,3,26.38,7.76,Soft,28.5
44,10,11,23.11,5.77,Soft,16.35
44,10,38,19.5,3.19,Soft,33.75
44,10,53,25.27,8.98,Hard,42.06
44,11,32,24.59,6.83,Soft,42.85
44,12,5,24.99,8.82,Hard,27.4
44,12,51,18.78,2.02,Soft,17.41
44,12,65,25.31,8.94,Hard,36.68
44,13,24,21.66,3.15,Medium,17.86
44,13,63,25.7,7.72,Medium,16.33
44,14,7,16.7,5.42,Medium,37.38
44,14,48,22.0,8.38,Hard,7.87
44,15,26,26.87,7.35,Soft,28.05
44,15,28,18.72,3.7,Medium,44.16
44,15,31,24.88,3.4,Hard,46.8
44,15,46,25.53,7.61,Medium,7.19
44,15,51,27.56,3.84,Soft,24.69
44,16,13,20.66,2.54,Soft,28.01
44,16,17,17.56,4.35,Soft,25.95
44,16,18,21.76,8.63,Hard,47.33
44,16,29,18.3,3.09,Medium,41.99
44,16,43,27.41,2.15,Soft,29.21
44,17,5,24.45,9.31,Soft,26.0
44,17,33,26.01,3.64,Hard,8.97
44,17,58,23.38,7.92,Hard,36.0
44,17,60,28.34,4.01,Medium,49.17
44,18,10,21.75,3.8,Hard,30.23
44,19,13,28.73,4.02,Hard,34.77
44,19,24,20.02,3.01,Soft,36.08
44,20,6,25.53,2.37,Medium,35.21
44,20,42,18.38,7.31,Soft,12.06
45,1,32,26.92,8.8,Soft,43.25
45,1,56,15.32,7.7,Medium,20.68
45,2,60,18.66,8.26,Hard,23.75
45,3,5,27.42,2.28,Soft,11.51
45,3,6,17.84,5.41,Hard,47.18
45,3,24,29.32,2.1,Medium,13.16
45,3,40,23.98,8.24,Soft,44.43
45,3,43,20.52,4.63,Hard,21.03
45,4,1,25.25,8.9,Medium,31.64
45,4,20,29.47,9.43,Medium,31.82
45,5,43,20.13,4.25,Medium,40.85
45,5,50,26.82,6.34,Soft,12.26
45,5,51,29.25,2.16,Soft,31.79
45,5,58,21.26,4.71,Medium,21.95
45,5,63,26.09,8.52,Soft,16.58
45,6,13,18.33,9.09,Hard,36.04
45,6,22,28.13,9.59,Hard,43.83
45,6,35,25.77,2.47,Hard,44.54
45,6,48,26.73,7.93,Soft,27.19
45,6,52,16.0,4.95,Hard,25.35
45,7,5,28.71,6.78,Hard,31.14
45,7,15,22.63,3.65,Soft,37.31
45,7,31,21.08,7.27,Soft,40.01
45,8,52,18.32,2.5,Soft,25.86
45,9,16,18.71,5.2,Hard,47.76
45,9,20,28.15,9.51,Soft,23.55
45,9,51,15.56,8.61,Medium,45.11
45,9,56,23.32,4.09,Medium,18.63
45,9,62,20.76,4.05,Soft,42.41
45,10,14,15.87,3.69,Soft,10.86
45,10,27,25.93,3.19,Hard,32.46
45,10,54,27.24,8.14,Soft,11.95
45,11,9,28.99,8.21,Medium,42.95
45,11,15,20.81,8.27,Soft,23.15
45,11,16,15.19,2.07,Medium,30.56
45,11,33,16.47,9.37,Hard,20.16
45,11,35,16.27,3.67,Soft,23.61
45,12,16,26.6,3.75,Hard,34.2
45,12,27,23.08,6.12,Hard,8.64
45,12,36,24.13,7.59,Soft,30.57
45,12,43,21.19,6.04,Medium,16.52
45,13,45,27.44,9.53,Soft,28.61
45,13,47,17.13,3.33,Medium,19.99
45,13,53,17.99,7.93,Soft,17.63
45,13,61,17.99,9.09,Soft,41.61
45,13,63,16.95,3.37,Hard,38.34
45,14,18,17.91,4.21,Medium,14.1
45,14,60,28.67,3.51,Soft,25.29
45,15,12,22.84,2.48,Soft,39.26
45,15,14,25.41,7.84,Soft,17.14
45,15,30,24.26,9.4,Soft,7.74
45,15,32,29.25,2.9,Soft,10.83
45,15,42,24.39,7.9,Soft,29.98
45,16,9,28.07,7.61,Soft,48.16
45,16,32,26.53,6.74,Hard,44.82
45,17,15,17.43,9.71,Hard,34.01
45,17,41,23.02,5.7,Medium,18.68
45,17,43,18.58,3.77,Soft,45.11
45,17,48,22.99,2.57,Hard,5.25
45,17,57,23.32,8.24,Medium,36.86
45,18,56,17.74,5.12,Soft,16.15
45,19,29,27.24,6.14,Medium,38.43
45,20,9,28.56,8.13,Soft,47.82
45,20,40,18.86,8.42,Soft,8.67
45,20,52,20.08,7.97,Hard,35.54
45,20,53,28.41,4.13,Hard,44.75
46,1,38,25.43,3.26,Hard,10.63
46,2,22,24.89,2.78,Hard,24.37
46,2,27,15.68,5.39,Hard,44.01
46,2,69,21.76,9.89,Soft,13.53
46,3,59,23.12,4.17,Soft,34.68
46,3,60,25.87,9.67,Hard,12.58
46,4,17,26.12,5.44,Soft,49.54
46,4,43,28.61,2.93,Medium,26.57
46,4,46,15.01,2.0,Medium,27.84
46,4,55,21.82,8.66,Soft,5.36
46,5,4,24.8,7.63,Hard,32.95
46,5,31,28.74,3.22,Soft,19.96
46,6,1,20.04,4.75,Hard,34.64
46,6,2,26.22,5.4,Medium,22.89
46,6,46,26.33,5.58,Medium,49.25
46,6,68,21.05,3.09,Soft,26.41
46,7,10,28.68,4.38,Hard,48.85
46,7,48,18.57,8.04,Soft,44.33
46,7,57,26.95,7.13,Medium,9.71
46,7,64,15.13,7.01,Hard,22.74
46,7,67,25.01,7.08,Hard,27.11
46,8,26,27.58,5.06,Medium,27.42
46,8,34,15.23,7.76,Medium,49.34
46,8,38,28.02,8.24,Soft,37.59
46,8,56,18.73,9.2,Soft,34.52
46,8,61,21.62,5.58,Hard,5.33
46,9,43,18.17,2.67,Medium,39.18
46,10,11,29.68,2.75,Medium,28.79
46,10,23,28.17,8.12,Medium,9.49
46,10,51,16.37,8.82,Hard,22.82
46,11,6,15.62,7.63,Soft,28.41
46,11,27,16.65,2.56,Hard,30.78
46,11,38,27.34,3.59,Hard,41.68
46,12,18,19.28,8.51,Hard,48.9
46,12,27,17.35,5.67,Soft,30.61
46,12,50,20.73,7.99,Hard,12.33
46,13,15,21.39,6.85,Soft,28.33
46,13,31,18.08,7.2,Hard,35.01
46,13,39,28.67,7.32,Medium,31.48
46,13,41,21.83,4.95,Hard,39.25
46,14,5,26.42,3.4,Hard,31.71
46,14,33,16.1,4.72,Hard,25.44
46,14,69,24.03,4.39,Medium,40.46
46,15,5,27.35,2.68,Hard,37.49
46,15,32,18.53,4.34,Medium,7.39
46,15,40,28.25,8.33,Hard,34.29
46,15,58,15.47,7.28,Medium,9.69
46,15,62,20.59,2.53,Hard,15.95
46,16,19,18.92,8.06,Hard,8.51
46,16,27,23.94,3.81,Medium,16.9
46,16,52,23.6,8.13,Soft,5.02
46,16,56,16.81,9.86,Soft,30.66
46,17,6,22.45,7.61,Medium,6.1
46,17,12,27.95,2.77,Soft,20.62
46,17,43,29.05,8.12,Soft,6.44
46,17,57,23.94,7.25,Medium,17.09
46,18,8,17.46,3.73,Soft,11.47
46,18,53,24.36,6.87,Soft,45.5
46,19,32,24.46,5.72,Medium,15.2
46,19,59,15.69,3.16,Medium,36.48
46,20,3,20.71,4.13,Medium,20.91
46,20,31,29.55,6.25,Soft,20.83
46,20,40,27.6,3.77,Hard,34.08
46,20,41,26.26,2.58,Hard,43.73
47,1,28,18.13,9.92,Medium,35.32
47,1,35,26.09,6.22,Hard,42.61
47,1,43,19.13,6.53,Soft,27.34
47,1,54,27.01,3.13,Hard,43.13
47,2,25,25.69,4.79,Hard,41.26
47,2,35,26.98,4.9,Medium,49.37
47,2,51,29.12,9.78,Hard,17.69
47,2,56,19.06,6.28,Medium,17.9
47,3,46,16.13,9.18,Soft,42.47
47,4,18,28.52,3.85,Medium,37.38
47,4,20,26.19,4.7,Hard,48.33
47,4,63,23.08,7.27,Medium,29.6
47,5,4,17.58,3.31,Medium,31.25
47,5,7,22.89,9.32,Soft,39.35
47,5,50,20.5,8.17,Medium,24.76
47,5,65,27.94,3.22,Soft,7.84
47,6,65,16.99,5.25,Medium,27.25
47,7,5,25.07,3.88,Medium,37.32
47,7,14,18.31,8.49,Hard,36.34
47,7,42,22.66,3.66,Soft,9.25
47,7,65,18.69,5.21,Medium,13.53
47,7,69,29.62,9.86,Hard,30.7
47,8,19,25.56,7.37,Medium,20.5
47,9,16,16.95,9.27,Medium,34.59
47,9,23,16.08,7.09,Hard,36.73
47,10,30,16.43,9.59,Medium,28.17
47,11,9,22.31,3.61,Hard,22.95
47,11,23,22.26,2.13,Hard,14.26
47,11,26,29.22,8.87,Medium,45.67
47,11,48,24.77,5.5,Medium,47.1
47,12,37,18.37,4.78,Soft,43.68
47,12,69,25.62,6.72,Hard,25.35
47,13,60,16.58,5.42,Medium,5.51
47,14,69,24.62,8.62,Hard,28.42
47,15,24,24.74,9.37,Hard,34.52
47,15,44,18.34,5.34,Medium,45.55
47,15,65,26.82,8.07,Medium,6.27
47,15,67,16.55,5.52,Medium,42.71
47,16,9,23.35,4.04,Soft,38.19
47,16,33,15.86,2.29,Soft,10.1
47,16,36,18.5,8.44,Hard,14.53
47,17,4,23.58,5.46,Medium,27.61
47,17,30,15.93,6.87,Medium,17.8
47,17,53,17.75,6.8,Hard,31.49
47,17,54,21.99,6.98,Hard,21.67
47,18,2,18.93,5.32,Soft,15.63
47,18,47,18.82,6.83,Hard,8.73
47,18,52,29.71,6.64,Soft,9.57
47,19,25,25.24,8.72,Soft,11.55
47,19,50,23.07,6.3,Hard,22.26
47,19,54,16.63,8.98,Medium,11.74
47,20,9,25.68,3.35,Medium,43.45
48,1,19,21.69,2.75,Soft,15.51
48,1,36,18.63,4.89,Hard,43.89
48,2,38,18.32,8.41,Hard,21.07
48,3,17,20.58,4.95,Hard,30.98
48,3,27,18.89,8.0,Hard,41.86
48,3,43,29.99,2.03,Medium,42.14
48,3,62,28.91,6.49,Hard,28.23
48,3,68,16.27,8.54,Medium,5.16
48,4,8,25.25,6.65,Soft,45.52
48,4,29,22.61,5.85,Soft,19.38
48,4,36,23.82,9.72,Soft,7.19
48,4,37,23.77,9.63,Medium,21.81
48,4,63,25.01,6.75,Soft,5.11
48,5,21,16.25,3.74,Medium,31.36
48,5,27,20.04,3.37,Medium,33.25
48,5,37,18.96,6.85,Soft,40.86
48,5,40,16.38,5.77,Hard,28.84
48,5,52,25.7,7.75,Soft,35.72
48,6,26,25.57,3.14,Soft,29.14
48,7,22,27.54,8.79,Medium,39.77
48,7,30,22.74,3.18,Hard,17.86
48,7,40,17.54,5.32,Hard,22.08
48,7,52,22.23,2.38,Medium,15.2
48,8,23,19.17,3.16,Soft,18.74
48,8,26,27.91,9.37,Medium,9.88
48,8,59,16.11,8.2,Medium,20.01
48,9,1,21.18,8.63,Hard,36.34
48,9,4,17.02,8.31,Medium,41.36
48,9,8,18.9,3.85,Hard,12.04
48,9,43,16.39,8.14,Hard,37.22
48,9,49,23.81,6.29,Medium,17.87
48,10,4,22.86,4.51,Hard,28.03
48,10,5,16.17,7.53,Soft,38.89
48,11,8,16.66,8.03,Soft,46.03
48,11,25,21.2,6.17,Soft,22.56
48,11,31,15.35,3.28,Medium,23.85
48,11,35,26.15,4.89,Hard,14.92
48,11,48,27.58,5.25,Soft,21.19
48,12,26,27.83,3.9,Medium,31.49
48,12,44,23.05,7.71,Hard,37.85
48,12,49,24.22,3.19,Hard,29.1
48,12,50,22.11,7.93,Medium,28.55
48,12,55,24.05,5.12,Soft,8.22
48,13,11,19.89,3.96,Hard,43.79
48,13,12,22.81,6.45,Hard,42.92
48,13,24,27.95,4.43,Medium,41.54
48,13,49,16.88,4.2,Medium,12.1
48,13,55,28.78,5.18,Hard,43.76
48,14,5,19.23,3.57,Hard,23.67
48,14,52,19.29,4.69,Hard,28.77
48,15,32,21.62,5.68,Soft,13.0
48,15,37,24.67,9.59,Medium,26.81
48,15,48,18.6,7.22,Medium,15.79
48,15,56,16.75,4.65,Medium,37.88
48,15,66,19.51,4.87,Hard,24.33
48,16,2,29.06,9.58,Soft,6.32
48,16,25,18.81,3.12,Soft,12.1
48,16,37,16.81,9.2,Soft,35.86
48,16,54,22.13,4.93,Soft,49.69
48,17,29,19.5,8.42,Soft,42.49
48,17,42,16.81,7.66,Medium,43.35
48,17,45,19.71,3.52,Soft,22.91
48,17,66,27.05,3.61,Hard,22.8
48,18,2,22.44,5.51,Hard,32.64
48,18,29,26.09,6.24,Medium,14.18
48,18,31,17.68,5.36,Soft,25.72
48,18,35,27.72,5.4,Soft,13.45
48,18,38,16.6,6.37,Medium,45.19
48,19,31,17.55,7.84,Soft,23.43
48,19,37,23.08,3.42,Soft,15.98
48,19,55,24.68,8.29,Hard,10.6
48,20,31,23.95,3.83,Hard,23.04
48,20,32,18.55,7.69,Medium,31.26
48,20,64,19.51,7.8,Hard,32.55
49,1,4,23.68,7.02,Soft,14.54
49,1,39,26.59,7.93,Hard,33.98
49,1,45,24.25,9.28,Soft,35.19
49,1,46,27.15,6.69,Soft,7.45
49,2,61,18.58,7.56,Medium,10.26
49,3,20,27.4,8.75,Medium,27.56
49,4,5,25.32,5.44,Soft,44.81
49,4,29,19.85,8.72,Soft,7.03
49,4,34,27.21,2.67,Medium,26.74
49,5,2,20.93,7.6,Hard,20.76
49,5,22,17.82,6.28,Hard,13.82
49,5,49,29.37,2.12,Medium,43.08
49,5,56,26.51,6.66,Medium,37.67
49,6,1,22.36,8.52,Soft,5.94
49,6,11,26.94,7.95,Medium,47.93
49,6,25,23.84,3.4,Soft,27.5
49,6,44,28.33,5.15,Soft,14.18
49,7,68,21.78,9.08,Soft,25.62
49,8,40,24.71,2.69,Soft,27.81
49,8,56,24.54,5.48,Medium,5.98
49,8,59,15.24,5.32,Hard,47.59
49,8,63,17.33,8.54,Medium,28.22
49,8,66,26.49,7.86,Soft,10.38
49,9,14,28.78,4.62,Hard,9.96
49,10,26,21.34,9.18,Soft,38.2
49,11,22,18.98,7.33,Hard,38.48
49,11,43,22.52,3.99,Medium,40.67
49,11,53,27.41,4.43,Medium,41.76
49,11,54,29.75,2.08,Soft,25.79
49,11,65,22.61,9.13,Medium,44.17
49,12,26,19.35,8.97,Medium,28.76
49,12,45,24.76,9.6,Soft,5.53
49,12,60,19.77,5.11,Hard,8.29
49,13,3,25.61,6.39,Medium,32.78
49,13,4,29.97,4.05,Medium,36.32
49,13,44,26.23,5.41,Hard,44.4
49,13,57,15.88,2.65,Hard,23.45
49,14,2,27.02,8.52,Medium,33.5
49,14,4,26.86,2.81,Medium,12.9
49,14,14,25.39,5.9,Hard,40.57
49,14,15,20.47,7.04,Hard,25.74
49,14,42,15.54,9.12,Soft,47.19
49,15,29,20.93,9.3,Hard,18.25
49,15,53,21.33,6.09,Medium,18.24
49,16,22,26.11,6.78,Soft,30.98
49,16,25,27.73,6.78,Medium,29.73
49,16,37,22.7,8.54,Hard,45.05
49,16,44,20.55,6.4,Soft,31.84
49,16,56,28.1,4.89,Hard,14.2
49,17,55,23.6,2.12,Hard,26.31
49,18,14,21.06,7.09,Hard,25.98
49,18,27,17.98,9.99,Medium,5.92
49,18,41,21.0,5.02,Soft,48.51
49,18,51,19.95,5.23,Medium,29.18
49,19,5,28.77,6.83,Medium,39.6
49,20,19,17.47,7.88,Medium,37.03
49,20,22,18.85,2.26,Hard,5.58
49,20,45,29.86,7.24,Soft,10.75
50,1,14,23.12,9.12,Soft,41.02
50,1,21,25.78,8.21,Hard,28.14
50,1,28,16.24,6.21,Medium,38.78
50,1,53,19.02,3.19,Soft,48.9
50,2,30,15.67,2.74,Soft,7.85
50,3,5,19.78,4.67,Soft,47.37
50,3,19,26.23,4.11,Medium,29.29
50,3,37,22.29,6.33,Hard,6.88
50,3,66,19.35,3.65,Medium,26.57
50,4,34,27.52,8.3,Hard,42.71
50,5,18,28.81,3.43,Soft,32.18
50,5,21,29.6,5.04,Soft,28.47
50,5,41,23.67,5.65,Hard,14.13
50,6,20,19.59,6.97,Medium,42.49
50,7,1,18.77,4.0,Soft,36.35
50,7,5,21.02,8.75,Medium,31.89
50,7,55,24.01,6.31,Hard,20.56
50,8,6,16.26,6.42,Soft,41.99
50,8,28,19.32,9.67,Medium,24.17
50,8,32,20.73,3.41,Soft,22.83
50,8,60,23.85,3.44,Medium,19.5
50,8,66,22.8,7.62,Hard,37.46
50,9,7,29.02,6.3,Medium,38.1
50,9,34,25.16,2.39,Soft,14.8
50,9,36,28.3,5.77,Soft,31.35
50,9,42,27.79,9.93,Medium,33.5
50,10,7,27.35,4.06,Soft,9.92
50,10,44,26.76,7.59,Medium,12.65
50,10,54,22.24,2.72,Medium,41.96
50,11,40,19.65,6.72,Hard,34.15
50,11,42,25.02,5.27,Hard,15.74
50,12,2,22.96,8.3,Soft,19.34
50,12,40,25.62,6.17,Medium,10.35
50,12,55,15.97,6.36,Medium,8.72
50,13,5,27.49,6.85,Medium,45.84
50,13,6,17.01,5.72,Medium,12.7
50,13,43,17.4,7.96,Medium,47.2
50,14,18,21.87,2.47,Soft,25.43
50,14,24,28.45,3.74,Soft,47.65
50,14,45,22.35,6.38,Medium,24.46
50,14,61,15.88,7.13,Hard,41.11
50,14,66,26.61,4.36,Hard,39.27
50,15,19,18.66,5.35,Hard,43.48
50,15,39,27.61,6.62,Soft,8.79
50,15,47,26.29,7.63,Hard,27.15
50,15,54,26.1,4.92,Hard,26.42
50,15,68,29.78,5.79,Soft,13.11
50,16,47,19.39,4.41,Medium,34.33
50,16,48,27.39,4.11,Soft,16.09
50,16,66,16.26,4.76,Medium,21.64
50,17,21,28.62,7.97,Medium,17.51
50,17,33,20.5,9.52,Medium,47.83
50,17,34,21.81,9.99,Hard,15.79
50,17,40,28.96,9.94,Hard,21.61
50,17,47,24.58,3.0,Hard,46.14
50,18,58,23.63,2.67,Medium,21.07
50,18,64,20.59,5.09,Medium,24.42
50,19,26,26.78,3.64,Medium,28.79
50,20,22,23.57,6.38,Hard,25.48
50,20,30,16.3,9.78,Medium,46.22
50,20,33,15.15,8.64,Hard,39.03
50,20,44,25.35,4.87,Hard,7.64
